name,KO number
BSU_21930,K03704
BSBSU_00010,K02313
BSU_00020,K02338
BSU_00030,K14761
BSU_00040,K03629
BSU_00050,K24648
BSU_00060,K02470
BSU_00070,K02469
BSU_00080,
BSU_00090,K00088
BSU_00100,K07258
BSU_00110,K06215
BSU_00120,K08681
BSU_00130,K01875
BSU_00140,K15519
BSU_00150,K15518
BSU_00160,K06306
BSU_00170,
BSU_00180,K11991
BSU_00190,K02343
BSU_00200,K09747
BSU_00210,K06187
BSU_00220,
BSU_00230,K06317
BSU_00240,
BSU_00250,
BSU_00260,
BSU_00270,
BSU_00280,K00943
BSU_00290,
BSU_00300,K09770
BSU_00310,K02341
BSU_00320,
BSU_00330,
BSU_00340,
BSU_00350,K07461
BSU_00360,K07056
BSU_00370,K06284
BSU_00380,K01874
BSU_00390,K03424
BSU_00400,
BSU_00410,K05985
BSU_00420,K02528
BSU_00430,K06436
BSU_00440,
BSU_00450,K06423
BSU_00460,K00919
BSU_00470,K09685
BSU_00480,K09022
BSU_00490,K06412
BSU_00500,K04042
BSU_00510,K00948
BSU_00520,K02897
BSU_00530,K01056
BSU_00540,
BSU_00550,K03723
BSU_00560,K04769
BSU_00570,
BSU_00580,K02499
BSU_00590,
BSU_00600,
BSU_00610,
BSU_00620,K13052
BSU_00630,K07571
BSU_00640,K06382
BSU_00650,K07114
BSU_00660,
BSU_00670,K04075
BSU_00680,K00760
BSU_00690,K03798
BSU_00700,K03525
BSU_00710,K04083
BSU_00720,K07533
BSU_00730,K01738
BSU_00740,K25578
BSU_00750,K25575
BSU_00760,K02619
BSU_00770,K00796
BSU_00780,K01633
BSU_00790,K00950
BSU_00800,
BSU_00810,
BSU_00820,K04567
BSU_00830,K03708
BSU_00840,K19411
BSU_00850,K19405
BSU_00860,K03696
BSU_00870,K04485
BSU_00880,K07067
BSU_00890,
BSU_00900,K00991
BSU_00910,K01770
BSU_00920,K09698
BSU_00930,K00640
BSU_00940,K01883
BSU_00950,K11145
BSU_00960,K03218
BSU_00970,K06962
BSU_00980,K03091
BSU_00990,K02913
BSU_01000,K03073
BSU_01010,K02601
BSU_01020,K02867
BSU_01030,K02863
BSU_01040,K02864
BSU_01050,K02935
BSU_01060,K00564
BSU_01070,K03043
BSU_01080,K03046
BSU_01090,K07590
BSU_01100,K02950
BSU_01110,K02992
BSU_01120,K02355
BSU_01130,K02358
BSU_01140,
BSU_01150,K02946
BSU_01160,K02906
BSU_01170,K02926
BSU_01180,K02892
BSU_01190,K02886
BSU_01200,K02965
BSU_01210,K02890
BSU_01220,K02982
BSU_01230,K02878
BSU_01240,K02904
BSU_01250,K02961
BSU_01260,K02874
BSU_01270,K02895
BSU_01280,K02931
BSU_01290,K02954
BSU_01300,K02994
BSU_01310,K02933
BSU_01320,K02881
BSU_01330,K02988
BSU_01340,K02907
BSU_01350,K02876
BSU_01360,K03076
BSU_01370,K00939
BSU_01380,K01265
BSU_01389,
BSU_01390,K02518
BSU_01400,K02919
BSU_01410,K02952
BSU_01420,K02948
BSU_01430,K03040
BSU_01440,K02879
BSU_01450,K16786
BSU_01460,K16787
BSU_01470,K16785
BSU_01480,K06173
BSU_01490,K02871
BSU_01500,K02996
BSU_01510,
BSU_01520,
BSU_01530,K01448
BSU_01540,K03593
BSU_01550,K06294
BSU_01560,K06349
BSU_01570,
BSU_01580,K03321
BSU_01590,K03453
BSU_01600,
BSU_01610,K02015
BSU_01620,K02015
BSU_01630,K02016
BSU_01640,K21701
BSU_01650,
BSU_01660,K01207
BSU_01670,K21469
BSU_01680,K02810
BSU_01690,
BSU_01700,K07106
BSU_01710,
BSU_01720,
BSU_01730,K03088
BSU_01740,
BSU_01750,K18672
BSU_01760,
BSU_01770,K03431
BSU_01780,K00820
BSU_01790,
BSU_01800,K01247
BSU_01810,K13530
BSU_01820,K13531
BSU_01830,K05577
BSU_01845,K09822
BSU_01860,K01673
BSU_01870,
BSU_01880,
BSU_01889,
BSU_01890,K08164
BSU_01900,
BSU_01910,
BSU_01920,
BSU_01935,
BSU_01950,K01990
BSU_01960,
BSU_01970,
BSU_01980,
BSU_01990,
BSU_02000,
BSU_02010,
BSU_02019,
BSU_02030,
BSU_02040,
BSU_02050,
BSU_02060,K03293
BSU_02070,
BSU_02080,
BSU_02090,K17838
BSU_02100,K15629
BSU_02110,
BSU_02120,
BSU_02130,K01126
BSU_02140,K02445
BSU_02150,
BSU_02160,
BSU_02170,
BSU_02190,
BSU_02200,
BSU_02210,
BSU_02220,
BSU_02230,K08289
BSU_02240,K01318
BSU_02250,
BSU_02260,
BSU_02270,K17103
BSU_02280,
BSU_02290,K01613
BSU_02300,
BSU_02310,K06880
BSU_02320,
BSU_02330,K07146
BSU_02340,K11102
BSU_02350,K20118
BSU_02360,K02564
BSU_02370,K24966
BSU_02380,
BSU_02390,K00826
BSU_02400,K16235
BSU_02410,K00547
BSU_02420,K11626
BSU_02430,K01425
BSU_02440,K07717
BSU_02450,K07719
BSU_02460,K01707
BSU_02470,K22187
BSU_02480,K03535
BSU_02490,K01706
BSU_02500,K05799
BSU_02510,K01708
BSU_02520,K06979
BSU_02530,
BSU_02540,
BSU_02550,
BSU_02560,
BSU_02570,K01990
BSU_02580,
BSU_02585,
BSU_02590,
BSU_02600,K01449
BSU_02610,
BSU_02619,
BSU_02620,K01113
BSU_02630,K03116
BSU_02640,K03118
BSU_02650,K01304
BSU_02660,
BSU_02670,K18926
BSU_02680,K18939
BSU_02690,K01424
BSU_02700,K01046
BSU_02710,
BSU_02720,K07039
BSU_02730,K11640
BSU_02740,K11641
BSU_02750,K09697
BSU_02760,K09696
BSU_02770,K06607
BSU_02780,
BSU_02785,
BSU_02790,
BSU_02800,
BSU_02810,K17733
BSU_02820,
BSU_02830,K00034
BSU_02840,K01182
BSU_02850,K09815
BSU_02860,K09817
BSU_02870,K09816
BSU_02880,
BSU_02890,
BSU_02900,K05795
BSU_02910,K05795
BSU_02920,
BSU_02930,
BSU_02940,
BSU_02950,K08369
BSU_02960,
BSU_02970,
BSU_02980,K02000
BSU_02990,K02001
BSU_03000,K02002
BSU_03010,K14665
BSU_03020,
BSU_03030,
BSU_03040,K01176
BSU_03050,K00016
BSU_03060,K03303
BSU_03070,
BSU_03080,
BSU_03090,
BSU_03100,K09190
BSU_03110,
BSU_03120,K09967
BSU_03130,K01916
BSU_03140,
BSU_03150,K00891
BSU_03160,
BSU_03170,
BSU_03180,K01060
BSU_03190,K07074
BSU_03200,K00318
BSU_03210,K00294
BSU_03220,K11928
BSU_03230,K23253
BSU_03240,K08986
BSU_03250,K07089
BSU_03260,
BSU_03270,K21567
BSU_03280,K13542
BSU_03290,K00363
BSU_03300,K00362
BSU_03310,K00372
BSU_03320,K00362
BSU_03330,K02575
BSU_03340,K09007
BSU_03350,
BSU_03359,
BSU_03360,
BSU_03370,K10009
BSU_03380,K02424
BSU_03385,
BSU_03390,
BSU_03400,
BSU_03410,K01223
BSU_03420,
BSU_03430,
BSU_03440,K03406
BSU_03450,K08094
BSU_03460,K08093
BSU_03470,
BSU_03480,
BSU_03490,
BSU_03500,K02252
BSU_03510,
BSU_03520,
BSU_03530,
BSU_03540,
BSU_03550,
BSU_03560,
BSU_03580,K07149
BSU_03590,K10010
BSU_03600,K10009
BSU_03610,K02424
BSU_03620,K21755
BSU_03630,K03186
BSU_03640,K01612
BSU_03651,K21759
BSU_03652,
BSU_03660,K01259
BSU_03670,K03305
BSU_03680,
BSU_03690,
BSU_03700,K06295
BSU_03710,K06297
BSU_03720,K06296
BSU_03730,K02003
BSU_03740,K02004
BSU_03750,K02483
BSU_03760,
BSU_03770,
BSU_03780,K06353
BSU_03788,
BSU_03789,
BSU_03790,K00928
BSU_03800,K25284
BSU_03810,K25283
BSU_03820,K25285
BSU_03830,K25282
BSU_03840,
BSU_03850,
BSU_03860,K19286
BSU_03870,
BSU_03880,
BSU_03890,K00375
BSU_03900,K07250
BSU_03910,K00135
BSU_03920,K05340
BSU_03930,K00034
BSU_03940,
BSU_03950,K14166
BSU_03960,K21601
BSU_03970,
BSU_03981,K02800
BSU_03982,K02798
BSU_03990,K00009
BSU_04000,K07246
BSU_04010,K03100
BSU_04020,
BSU_04030,K02372
BSU_04039,
BSU_04040,K21064
BSU_04050,K07160
BSU_04060,
BSU_04070,
BSU_04080,K06351
BSU_04090,K06350
BSU_04100,
BSU_04110,
BSU_04120,
BSU_04130,
BSU_04140,K21467
BSU_04150,
BSU_04160,K03483
BSU_04170,
BSU_04180,
BSU_04190,
BSU_04200,K09988
BSU_04210,K03817
BSU_04220,
BSU_04230,
BSU_04240,
BSU_04250,K03719
BSU_04260,K03169
BSU_04270,
BSU_04280,
BSU_04290,
BSU_04300,
BSU_04310,
BSU_04320,
BSU_04330,K03574
BSU_04340,K00158
BSU_04345,
BSU_04359,
BSU_04360,K03322
BSU_04370,
BSU_04380,
BSU_04390,
BSU_04400,K06884
BSU_04410,
BSU_04420,
BSU_04430,K07217
BSU_04440,
BSU_04450,K11691
BSU_04460,K11692
BSU_04470,K11103
BSU_04480,
BSU_04490,K01990
BSU_04500,K01992
BSU_04510,
BSU_04520,
BSU_04530,
BSU_04536,
BSU_04540,
BSU_04550,
BSU_04560,K01921
BSU_04570,K01929
BSU_04580,K05592
BSU_04590,K09167
BSU_04600,K08981
BSU_04610,
BSU_04620,K00997
BSU_04630,
BSU_04640,K01775
BSU_04650,K07723
BSU_04660,K07171
BSU_04670,K17763
BSU_04680,K17762
BSU_04690,K17752
BSU_04700,K07315
BSU_04710,K04749
BSU_04720,K04757
BSU_04730,K03090
BSU_04740,K05518
BSU_04745,
BSU_04750,
BSU_04760,
BSU_04770,
BSU_04780,K06959
BSU_04785,
BSU_04790,K03095
BSU_04800,
BSU_04810,
BSU_04820,
BSU_04830,
BSU_04839,
BSU_04840,
BSU_04849,
BSU_04850,
BSU_04860,
BSU_04870,K07467
BSU_04880,
BSU_04890,
BSU_04900,
BSU_04910,
BSU_04920,
BSU_04930,
BSU_04940,
BSU_04950,
BSU_04960,
BSU_04970,
BSU_04980,
BSU_04990,
BSU_05000,
BSU_05010,
BSU_05020,K06357
BSU_05030,
BSU_05040,
BSU_05050,K03719
BSU_05060,K03719
BSU_05070,
BSU_05080,
BSU_05090,
BSU_05099,
BSU_05100,
BSU_05109,
BSU_05110,
BSU_05120,K03704
BSU_05130,K07736
BSU_05140,
BSU_05150,
BSU_05160,
BSU_05170,K13653
BSU_05180,
BSU_05190,
BSU_05200,
BSU_05210,
BSU_05220,
BSU_05230,
BSU_05240,K00375
BSU_05250,
BSU_05260,K07002
BSU_05270,
BSU_05280,
BSU_05290,
BSU_05300,K11748
BSU_05310,
BSU_05320,
BSU_05329,
BSU_05330,K03892
BSU_05340,K03893
BSU_05350,
BSU_05360,
BSU_05370,K18907
BSU_05380,
BSU_05390,
BSU_05400,
BSU_05408,
BSU_05409,
BSU_05410,K11623
BSU_05420,K11624
BSU_05430,K06994
BSU_05440,
BSU_05450,K07150
BSU_05460,
BSU_05470,
BSU_05480,K15976
BSU_05490,K15975
BSU_05500,K15977
BSU_05510,
BSU_05520,
BSU_05529,
BSU_05530,
BSU_05540,
BSU_05550,K13993
BSU_05560,
BSU_05570,
BSU_05580,
BSU_05590,
BSU_05600,
BSU_05610,K18231
BSU_05620,K11737
BSU_05630,
BSU_05640,
BSU_05650,K06994
BSU_05660,
BSU_05670,
BSU_05680,K07552
BSU_05690,K07090
BSU_05700,
BSU_05710,K06306
BSU_05720,
BSU_05730,
BSU_05740,K01077
BSU_05750,K05937
BSU_05760,
BSU_05770,
BSU_05780,K06885
BSU_05790,
BSU_05800,K18567
BSU_05810,K02760
BSU_05820,K02759
BSU_05830,K02761
BSU_05840,K01223
BSU_05850,K03492
BSU_05860,K00847
BSU_05870,K01809
BSU_05880,K01218
BSU_05900,K00946
BSU_05910,K06925
BSU_05920,K14742
BSU_05930,K03789
BSU_05940,K25706
BSU_05950,K06158
BSU_05960,K03637
BSU_05970,K01926
BSU_05980,K03116
BSU_05990,K03118
BSU_06000,
BSU_06010,K07052
BSU_06020,K04078
BSU_06030,K04077
BSU_06040,
BSU_06048,
BSU_06060,K00558
BSU_06070,K00558
BSU_06090,
BSU_06100,K07452
BSU_06110,
BSU_06120,
BSU_06130,
BSU_06140,K16247
BSU_06150,K00008
BSU_06160,
BSU_06170,K00847
BSU_06180,K03969
BSU_06190,
BSU_06200,K06872
BSU_06210,
BSU_06220,
BSU_06230,K06609
BSU_06240,K00004
BSU_06250,
BSU_06260,
BSU_06269,
BSU_06270,
BSU_06280,K00433
BSU_06290,
BSU_06300,K06324
BSU_06310,K11735
BSU_06319,
BSU_06320,
BSU_06330,K03924
BSU_06340,
BSU_06350,
BSU_06360,K01951
BSU_06370,K06901
BSU_06380,
BSU_06390,
BSU_06400,
BSU_06410,
BSU_06420,K01588
BSU_06430,K01589
BSU_06440,K01756
BSU_06450,K01923
BSU_06460,K23264
BSU_06470,K23265
BSU_06480,K23269
BSU_06490,K00764
BSU_06500,K01933
BSU_06510,K11175
BSU_06520,K00602
BSU_06530,K01945
BSU_06540,K03719
BSU_06550,K16263
BSU_06559,
BSU_06560,K01486
BSU_06570,
BSU_06580,
BSU_06590,
BSU_06600,K07094
BSU_06610,K03657
BSU_06620,K01972
BSU_06630,
BSU_06640,K23983
BSU_06650,K07507
BSU_06660,
BSU_06670,K02435
BSU_06680,K02433
BSU_06690,K02434
BSU_06700,
BSU_06710,
BSU_06720,K07029
BSU_06730,K03215
BSU_06740,K06400
BSU_06750,
BSU_06760,
BSU_06770,
BSU_06780,
BSU_06790,
BSU_06800,
BSU_06811,
BSU_06812,
BSU_06820,
BSU_06830,
BSU_06839,K20389
BSU_06840,
BSU_06850,
BSU_06860,K16137
BSU_06870,K06893
BSU_06880,
BSU_06890,K06332
BSU_06900,K06333
BSU_06910,K06334
BSU_06920,
BSU_06930,
BSU_06940,
BSU_06950,K07718
BSU_06960,K07720
BSU_06970,K25676
BSU_06980,K25677
BSU_06990,K25678
BSU_07000,K15532
BSU_07010,
BSU_07020,
BSU_07030,
BSU_07040,
BSU_07050,K18197
BSU_07060,
BSU_07070,
BSU_07080,K01190
BSU_07090,
BSU_07100,K17318
BSU_07110,K17319
BSU_07120,K17320
BSU_07130,K22933
BSU_07140,
BSU_07150,K07145
BSU_07160,
BSU_07190,
BSU_07200,K06890
BSU_07210,
BSU_07220,
BSU_07230,
BSU_07240,
BSU_07250,K14338
BSU_07260,K19005
BSU_07270,K00978
BSU_07280,K01709
BSU_07290,
BSU_07300,
BSU_07310,
BSU_07320,K08223
BSU_07330,K01560
BSU_07340,K03294
BSU_07350,K21802
BSU_07360,
BSU_07370,K15738
BSU_07380,
BSU_07390,K21902
BSU_07400,K08221
BSU_07410,
BSU_07420,
BSU_07430,
BSU_07440,
BSU_07450,K00359
BSU_07460,
BSU_07480,K18912
BSU_07490,
BSU_07500,K23182
BSU_07510,K23183
BSU_07520,K23181
BSU_07530,
BSU_07550,
BSU_07560,K01728
BSU_07570,K03319
BSU_07580,K11637
BSU_07590,K11638
BSU_07600,K07795
BSU_07610,K03300
BSU_07620,
BSU_07630,K00491
BSU_07640,K01512
BSU_07650,
BSU_07660,
BSU_07670,
BSU_07680,
BSU_07690,K01265
BSU_07700,K02804
BSU_07710,K19005
BSU_07720,
BSU_07735,
BSU_07750,K03310
BSU_07760,
BSU_07770,
BSU_07780,K06297
BSU_07790,K06307
BSU_07800,K02819
BSU_07810,K01226
BSU_07820,K03486
BSU_07830,
BSU_07840,K08693
BSU_07850,K05520
BSU_07860,
BSU_07870,
BSU_07880,K25307
BSU_07890,
BSU_07900,K07058
BSU_07910,
BSU_07920,K07300
BSU_07930,
BSU_07940,K22044
BSU_07955,
BSU_07970,
BSU_07980,K01567
BSU_07990,
BSU_08000,K03284
BSU_08010,K01247
BSU_08020,K03215
BSU_08029,
BSU_08030,
BSU_08040,
BSU_08050,
BSU_08060,K21416
BSU_08070,K21417
BSU_08080,K00627
BSU_08090,K00382
BSU_08100,K21405
BSU_08110,K06425
BSU_08120,K09771
BSU_08130,
BSU_08140,
BSU_08150,
BSU_08160,
BSU_08170,
BSU_08180,K01232
BSU_08190,K03481
BSU_08200,K02750
BSU_08210,K18887
BSU_08220,K18888
BSU_08230,K15977
BSU_08240,K07104
BSU_08250,
BSU_08260,K06609
BSU_08270,
BSU_08280,
BSU_08290,
BSU_08300,
BSU_08310,K25144
BSU_08320,K25143
BSU_08330,K25142
BSU_08340,
BSU_08350,K01046
BSU_08360,
BSU_08370,
BSU_08380,
BSU_08390,
BSU_08400,
BSU_08410,
BSU_08425,K14205
BSU_08440,K25109
BSU_08450,K25110
BSU_08460,K25111
BSU_08470,
BSU_08480,
BSU_08490,
BSU_08500,
BSU_08510,K07071
BSU_08520,K03565
BSU_08530,
BSU_08540,K19577
BSU_08550,K06428
BSU_08560,
BSU_08570,
BSU_08580,
BSU_08590,K22369
BSU_08600,K25617
BSU_08610,K25619
BSU_08620,K07038
BSU_08630,K03575
BSU_08640,
BSU_08650,K10780
BSU_08660,K06422
BSU_08670,
BSU_08680,K07586
BSU_08690,K24708
BSU_08700,
BSU_08710,K01845
BSU_08720,K03564
BSU_08730,K09825
BSU_08740,
BSU_08750,
BSU_08760,K06377
BSU_08770,
BSU_08779,
BSU_08780,K05995
BSU_08790,K03147
BSU_08800,
BSU_08810,
BSU_08820,K03781
BSU_08830,K15555
BSU_08840,K15553
BSU_08850,K15554
BSU_08860,K04091
BSU_08870,
BSU_08880,K02954
BSU_08890,
BSU_08899,K07729
BSU_08900,
BSU_08910,K18979
BSU_08920,
BSU_08930,K03216
BSU_08940,
BSU_08950,
BSU_08960,
BSU_08970,K07180
BSU_08980,K09786
BSU_08990,
BSU_09000,
BSU_09010,
BSU_09020,K03809
BSU_09030,
BSU_09040,
BSU_09050,
BSU_09060,
BSU_09070,K01990
BSU_09080,K01990
BSU_09090,K01992
BSU_09100,K03704
BSU_09110,K02073
BSU_09120,K18967
BSU_09130,K06956
BSU_09140,
BSU_09150,
BSU_09165,
BSU_09180,
BSU_09190,
BSU_09200,K07284
BSU_09210,K06180
BSU_09220,
BSU_09230,
BSU_09240,
BSU_09250,
BSU_09260,K03851
BSU_09270,K02443
BSU_09280,K02440
BSU_09290,K00864
BSU_09300,K00111
BSU_09310,K01835
BSU_09320,K02480
BSU_09330,
BSU_09340,K03206
BSU_09350,
BSU_09360,
BSU_09370,
BSU_09380,K13771
BSU_09390,
BSU_09400,K06415
BSU_09410,K01077
BSU_09420,K19224
BSU_09430,K19242
BSU_09440,K01647
BSU_09450,
BSU_09460,K03294
BSU_09470,K03308
BSU_09480,K00375
BSU_09490,
BSU_09500,
BSU_09510,
BSU_09520,K03088
BSU_09530,
BSU_09540,K00655
BSU_09550,K03699
BSU_09560,K11923
BSU_09570,K11358
BSU_09590,K03699
BSU_09600,K06199
BSU_09610,K06199
BSU_09620,K01126
BSU_09630,
BSU_09640,K16052
BSU_09650,K12410
BSU_09660,K22278
BSU_09670,K00824
BSU_09680,K03315
BSU_09690,
BSU_09700,
BSU_09710,K18889
BSU_09720,K18890
BSU_09730,K07118
BSU_09740,
BSU_09750,K06419
BSU_09760,
BSU_09770,
BSU_09780,
BSU_09790,
BSU_09800,
BSU_09810,
BSU_09830,
BSU_09840,K02495
BSU_09850,K03455
BSU_09860,K07228
BSU_09870,
BSU_09880,K15866
BSU_09889,
BSU_09890,K01990
BSU_09900,K01992
BSU_09910,K03547
BSU_09920,
BSU_09930,K03698
BSU_09940,
BSU_09950,K07533
BSU_09958,
BSU_09959,
BSU_09965,
BSU_09980,
BSU_09990,K09682
BSU_10000,
BSU_10009,
BSU_10010,
BSU_10020,K00831
BSU_10030,K02503
BSU_10040,K25158
BSU_10050,K25157
BSU_10060,K25159
BSU_10070,K01436
BSU_10080,
BSU_10090,
BSU_10100,
BSU_10110,K12555
BSU_10120,K01599
BSU_10130,K01772
BSU_10140,K00231
BSU_10150,
BSU_10160,K01421
BSU_10170,K00648
BSU_10180,
BSU_10200,K01269
BSU_10210,
BSU_10220,K11102
BSU_10230,
BSU_10240,
BSU_10250,K03800
BSU_10260,
BSU_10270,K01897
BSU_10280,
BSU_10290,K06013
BSU_10300,K01342
BSU_10310,
BSU_10320,K19745
BSU_10330,K23181
BSU_10340,K15640
BSU_10350,K00626
BSU_10360,K01897
BSU_10370,K03523
BSU_10380,K06595
BSU_10390,
BSU_10400,
BSU_10410,
BSU_10420,K02250
BSU_10430,
BSU_10440,
BSU_10450,K03307
BSU_10460,
BSU_10470,
BSU_10480,
BSU_10490,K03100
BSU_10500,
BSU_10510,
BSU_10520,K08174
BSU_10530,K18652
BSU_10540,K18654
BSU_10550,K18653
BSU_10560,
BSU_10570,K07120
BSU_10580,
BSU_10590,K11925
BSU_10600,
BSU_10610,
BSU_10620,K16899
BSU_10630,K16898
BSU_10640,K03547
BSU_10650,K03546
BSU_10660,
BSU_10670,K06304
BSU_10680,K06303
BSU_10690,K06302
BSU_10700,K06301
BSU_10710,K06300
BSU_10720,K06299
BSU_10730,
BSU_10740,K06330
BSU_10750,
BSU_10760,
BSU_10770,K13274
BSU_10780,
BSU_10790,K01953
BSU_10800,
BSU_10810,K10208
BSU_10820,
BSU_10830,
BSU_10840,
BSU_10850,K16043
BSU_10860,
BSU_10870,K06895
BSU_10880,K18907
BSU_10890,
BSU_10900,K00433
BSU_10910,K00860
BSU_10920,K00958
BSU_10930,K00390
BSU_10940,K05979
BSU_10950,K08097
BSU_10960,
BSU_10970,K18983
BSU_10980,K08221
BSU_10990,
BSU_11000,
BSU_11010,K24042
BSU_11020,K09767
BSU_11030,K00243
BSU_11040,
BSU_11055,
BSU_11070,
BSU_11079,K10947
BSU_11080,
BSU_11090,
BSU_11100,
BSU_11110,K25232
BSU_11120,
BSU_11130,
BSU_11139,
BSU_11140,K21064
BSU_11150,K06889
BSU_11160,
BSU_11170,
BSU_11180,
BSU_11190,K00145
BSU_11200,K00620
BSU_11210,K00930
BSU_11220,K00821
BSU_11230,K01956
BSU_11240,K01955
BSU_11250,K00611
BSU_11260,
BSU_11270,
BSU_11280,
BSU_11290,
BSU_11300,K05519
BSU_11310,K02254
BSU_11320,
BSU_11330,K00648
BSU_11340,K09458
BSU_11350,
BSU_11360,K02031
BSU_11370,K02032
BSU_11390,K02033
BSU_11400,K02034
BSU_11410,
BSU_11420,K01867
BSU_11430,K15580
BSU_11440,K15581
BSU_11450,K15582
BSU_11460,K15583
BSU_11470,K10823
BSU_11480,
BSU_11490,
BSU_11500,K16509
BSU_11510,
BSU_11515,
BSU_11520,K16511
BSU_11525,
BSU_11530,K06198
BSU_11540,K08602
BSU_11549,
BSU_11550,
BSU_11560,K06886
BSU_11570,
BSU_11580,
BSU_11590,
BSU_11600,K07816
BSU_11610,K00858
BSU_11620,K06180
BSU_11630,
BSU_11640,K03455
BSU_11650,K03707
BSU_11660,K10810
BSU_11670,K03153
BSU_11680,K03154
BSU_11690,K03149
BSU_11700,K03148
BSU_11710,K00941
BSU_11720,K00208
BSU_11730,
BSU_11740,
BSU_11750,
BSU_11760,K06342
BSU_11770,K06341
BSU_11780,K06340
BSU_11790,
BSU_11799,
BSU_11800,
BSU_11809,
BSU_11810,
BSU_11820,K03657
BSU_11839,
BSU_11840,
BSU_11850,
BSU_11860,
BSU_11870,K01739
BSU_11880,K01760
BSU_11890,K03790
BSU_11900,
BSU_11910,
BSU_11920,
BSU_11928,
BSU_11929,
BSU_11930,
BSU_11940,
BSU_11950,
BSU_11960,
BSU_11970,
BSU_11980,K00059
BSU_11990,
BSU_12000,K02538
BSU_12010,K02770
BSU_12020,K01809
BSU_12030,
BSU_12040,K03790
BSU_12050,
BSU_12060,K03976
BSU_12069,
BSU_12070,
BSU_12080,K02257
BSU_12090,K06339
BSU_12100,K22278
BSU_12110,
BSU_12120,
BSU_12130,
BSU_12140,
BSU_12150,
BSU_12160,K00123
BSU_12170,
BSU_12180,
BSU_12190,
BSU_12200,
BSU_12210,
BSU_12220,
BSU_12229,
BSU_12230,K01719
BSU_12240,K02069
BSU_12250,K02068
BSU_12260,
BSU_12270,
BSU_12280,
BSU_12290,K03885
BSU_12300,K01812
BSU_12310,K03292
BSU_12320,K00073
BSU_12330,
BSU_12340,K01686
BSU_12350,
BSU_12360,K08191
BSU_12370,K02529
BSU_12380,K00041
BSU_12390,K01685
BSU_12400,K07090
BSU_12410,
BSU_12420,
BSU_12430,
BSU_12440,K06352
BSU_12450,K09780
BSU_12460,K01447
BSU_12470,
BSU_12480,
BSU_12490,K07217
BSU_12500,
BSU_12510,
BSU_12519,
BSU_12520,
BSU_12530,K02315
BSU_12539,
BSU_12540,
BSU_12550,
BSU_12560,K24072
BSU_12570,K07474
BSU_12580,K06909
BSU_12590,
BSU_12600,
BSU_12610,
BSU_12619,
BSU_12620,
BSU_12630,
BSU_12640,
BSU_12649,
BSU_12650,
BSU_12660,
BSU_12671,
BSU_12672,
BSU_12680,
BSU_12690,
BSU_12700,
BSU_12710,
BSU_12720,
BSU_12730,
BSU_12740,
BSU_12749,
BSU_12750,
BSU_12760,
BSU_12770,
BSU_12780,
BSU_12790,
BSU_12800,
BSU_12810,K01447
BSU_12815,
BSU_12820,K06389
BSU_12830,K06388
BSU_12840,K03306
BSU_12850,K07220
BSU_12860,K03294
BSU_12870,K15975
BSU_12875,
BSU_12880,
BSU_12890,K20534
BSU_12900,K04771
BSU_12910,K02239
BSU_12920,K16203
BSU_12930,K16200
BSU_12940,K16201
BSU_12950,K16202
BSU_12960,K16199
BSU_12970,K01297
BSU_12980,K19802
BSU_12990,K20742
BSU_13000,K02032
BSU_13010,K07404
BSU_13020,
BSU_13030,
BSU_13040,K05916
BSU_13050,
BSU_13060,
BSU_13070,
BSU_13080,
BSU_13090,K18924
BSU_13100,K18925
BSU_13110,K01433
BSU_13120,K00931
BSU_13130,K00147
BSU_13140,K04063
BSU_13150,K23775
BSU_13160,K04063
BSU_13169,
BSU_13170,K01487
BSU_13180,K00549
BSU_13190,K13275
BSU_13200,K17763
BSU_13210,K16785
BSU_13220,K01552
BSU_13230,K16925
BSU_13240,K24620
BSU_13250,
BSU_13260,K18940
BSU_13270,
BSU_13280,
BSU_13290,
BSU_13300,K06213
BSU_13310,K23776
BSU_13320,
BSU_13330,
BSU_13340,K15973
BSU_13350,K03429
BSU_13360,
BSU_13370,K07098
BSU_13380,
BSU_13390,K20534
BSU_13400,K01971
BSU_13410,K10979
BSU_13420,K21023
BSU_13430,
BSU_13440,
BSU_13450,K03093
BSU_13460,
BSU_13470,K06421
BSU_13480,
BSU_13490,K03799
BSU_13500,K03498
BSU_13509,
BSU_13510,
BSU_13520,
BSU_13530,K13533
BSU_13540,K00567
BSU_13545,
BSU_13550,K08963
BSU_13560,K00899
BSU_13570,K13566
BSU_13580,K08969
BSU_13590,K08965
BSU_13600,K08966
BSU_13610,K08964
BSU_13620,K08967
BSU_13630,
BSU_13640,K06376
BSU_13650,
BSU_13660,K13532
BSU_13670,K15973
BSU_13680,K02557
BSU_13690,K02556
BSU_13700,K03697
BSU_13710,
BSU_13720,K06920
BSU_13730,K01737
BSU_13740,K10026
BSU_13750,K09457
BSU_13760,
BSU_13770,
BSU_13780,
BSU_13789,
BSU_13800,
BSU_13810,
BSU_13819,
BSU_13820,K01449
BSU_13830,K06409
BSU_13840,
BSU_13850,K01534
BSU_13860,K01271
BSU_13870,
BSU_13880,K03480
BSU_13890,K20118
BSU_13900,K02784
BSU_13910,K08483
BSU_13920,K06315
BSU_13930,K03716
BSU_13940,
BSU_13950,K03406
BSU_13960,K00020
BSU_13970,
BSU_13980,K21465
BSU_13990,K02491
BSU_14000,K00841
BSU_14009,
BSU_14010,K03415
BSU_14020,
BSU_14030,K08217
BSU_14040,
BSU_14050,K07098
BSU_14060,
BSU_14071,
BSU_14072,
BSU_14080,
BSU_14090,
BSU_14100,
BSU_14110,K09776
BSU_14120,
BSU_14130,
BSU_14140,
BSU_14150,K03839
BSU_14160,
BSU_14170,K03839
BSU_14180,K05822
BSU_14190,K05823
BSU_14200,
BSU_14210,K22044
BSU_14220,K03386
BSU_14230,
BSU_14240,
BSU_14250,K06437
BSU_14260,K03752
BSU_14270,
BSU_14280,K03750
BSU_14290,K03753
BSU_14300,K03635
BSU_14310,K03636
BSU_14320,K18889
BSU_14330,K18890
BSU_14340,K24951
BSU_14350,K24950
BSU_14360,K24949
BSU_14370,K24948
BSU_14380,K03436
BSU_14390,K00882
BSU_14400,K02770
BSU_14410,K03100
BSU_14420,
BSU_14430,
BSU_14440,K00077
BSU_14450,K19689
BSU_14460,
BSU_14470,K03569
BSU_14480,K06284
BSU_14490,K07698
BSU_14500,
BSU_14510,K03499
BSU_14520,K01486
BSU_14530,K12574
BSU_14540,
BSU_14550,
BSU_14560,K01462
BSU_14569,
BSU_14568,
BSU_14570,
BSU_14580,K00161
BSU_14590,K00162
BSU_14600,K00627
BSU_14610,K00382
BSU_14620,
BSU_14629,
BSU_14630,K01585
BSU_14640,
BSU_14650,
BSU_14660,
BSU_14670,K01092
BSU_14680,
BSU_14690,
BSU_14700,K01400
BSU_14710,
BSU_14720,
BSU_14730,K03088
BSU_14740,
BSU_14750,
BSU_14760,
BSU_14770,K06207
BSU_14780,
BSU_14790,
BSU_14800,
BSU_14810,K07175
BSU_14820,
BSU_14830,K01425
BSU_14840,
BSU_14850,K03588
BSU_14860,K01958
BSU_14870,K02259
BSU_14880,K02257
BSU_14890,K02275
BSU_14900,K02274
BSU_14910,K02276
BSU_14920,K02277
BSU_14930,K02862
BSU_14940,
BSU_14950,
BSU_14960,
BSU_14970,
BSU_14980,
BSU_14990,
BSU_15000,
BSU_15010,K08316
BSU_15020,K00954
BSU_15030,
BSU_15040,K07001
BSU_15050,K07177
BSU_15060,
BSU_15069,
BSU_15070,K07040
BSU_15080,K02911
BSU_15090,K06314
BSU_15100,
BSU_15110,K00077
BSU_15120,K22136
BSU_15130,K03925
BSU_15140,K03438
BSU_15150,
BSU_15160,K08724
BSU_15170,K08384
BSU_15180,K01928
BSU_15190,K01000
BSU_15200,K01925
BSU_15210,K03588
BSU_15220,K02563
BSU_15230,K00075
BSU_15240,K03589
BSU_15250,
BSU_15260,
BSU_15270,
BSU_15280,K03590
BSU_15290,K03531
BSU_15300,K13276
BSU_15310,K06383
BSU_15320,K03091
BSU_15330,K03091
BSU_15340,K02013
BSU_15350,K20895
BSU_15360,
BSU_15370,K05810
BSU_15380,K06997
BSU_15390,K09772
BSU_15400,K02221
BSU_15410,
BSU_15420,K04074
BSU_15430,K01870
BSU_15440,K06204
BSU_15450,K03101
BSU_15460,K06180
BSU_15470,K02825
BSU_15480,K02824
BSU_15490,K00609
BSU_15500,K01465
BSU_15510,K01956
BSU_15520,K01955
BSU_15530,K02823
BSU_15540,K17828
BSU_15550,K01591
BSU_15560,K00762
BSU_15570,K00390
BSU_15580,K16331
BSU_15590,K00958
BSU_15600,K00860
BSU_15610,K02303
BSU_15620,K03794
BSU_15630,K24866
BSU_15640,
BSU_15650,K01537
BSU_15660,
BSU_15670,K09777
BSU_15680,K00942
BSU_15690,K03060
BSU_15700,K13038
BSU_15710,K04066
BSU_15720,K01462
BSU_15730,K00604
BSU_15740,K03500
BSU_15750,K06941
BSU_15760,K20074
BSU_15770,K12132
BSU_15780,K06949
BSU_15790,K01783
BSU_15800,K00949
BSU_15810,K06414
BSU_15820,K02902
BSU_15830,
BSU_15840,K07030
BSU_15850,K01752
BSU_15860,K01752
BSU_15870,K03655
BSU_15880,
BSU_15890,K03621
BSU_15900,K00645
BSU_15910,K00059
BSU_15920,K02078
BSU_15930,K03685
BSU_15940,K03529
BSU_15950,K03110
BSU_15960,
BSU_15970,K09787
BSU_15980,K03106
BSU_15990,K02959
BSU_16000,K06960
BSU_16010,
BSU_16020,K02860
BSU_16030,K00554
BSU_16040,K02884
BSU_16050,K14540
BSU_16060,K03470
BSU_16070,
BSU_16080,K04061
BSU_16090,K01903
BSU_16100,K01902
BSU_16110,K04096
BSU_16120,K03168
BSU_16130,K04094
BSU_16140,K03733
BSU_16150,K01419
BSU_16160,K03667
BSU_16170,K03706
BSU_16180,K02387
BSU_16190,K02388
BSU_16200,K02408
BSU_16210,K02409
BSU_16220,K02410
BSU_16230,K02411
BSU_16240,K02412
BSU_16250,K02413
BSU_16260,
BSU_16270,
BSU_16280,K02389
BSU_16290,K02390
BSU_16299,K02385
BSU_16300,K02415
BSU_16310,K02416
BSU_16320,K02417
BSU_16330,K03413
BSU_16340,K02418
BSU_16350,K02419
BSU_16360,K02420
BSU_16370,K02421
BSU_16380,K02401
BSU_16390,K02400
BSU_16400,K02404
BSU_16410,K04562
BSU_16420,K03412
BSU_16430,K03407
BSU_16440,K03408
BSU_16450,K03410
BSU_16460,K03411
BSU_16470,K02405
BSU_16480,
BSU_16490,K02967
BSU_16500,K02357
BSU_16510,K09903
BSU_16520,K02838
BSU_16530,K00806
BSU_16540,K00981
BSU_16550,K00099
BSU_16560,K11749
BSU_16570,K01881
BSU_16580,K03763
BSU_16590,K09748
BSU_16600,K02600
BSU_16610,K07742
BSU_16620,
BSU_16630,K02519
BSU_16650,K02834
BSU_16660,K03177
BSU_16670,K11753
BSU_16680,K02956
BSU_16690,K00962
BSU_16700,
BSU_16710,
BSU_16720,
BSU_16730,K06410
BSU_16740,K06411
BSU_16750,K00133
BSU_16760,K00928
BSU_16770,K01714
BSU_16780,K12574
BSU_16790,
BSU_16799,
BSU_16800,K03466
BSU_16810,K03710
BSU_16825,K08221
BSU_16845,
BSU_16860,
BSU_16870,K00059
BSU_16880,
BSU_16910,
BSU_16920,K00995
BSU_16930,K03742
BSU_16940,K03553
BSU_16950,
BSU_16960,K18682
BSU_16970,K09769
BSU_16980,K06416
BSU_16990,K00060
BSU_17000,K00639
BSU_17010,K06168
BSU_17020,
BSU_17030,K06328
BSU_17040,K03555
BSU_17050,K03572
BSU_17060,
BSU_17070,
BSU_17080,
BSU_17090,
BSU_17099,
BSU_17100,
BSU_17110,K15328
BSU_17120,K15329
BSU_17130,K15337
BSU_17140,K00646
BSU_17150,K15311
BSU_17160,K15312
BSU_17170,K15313
BSU_17180,K13611
BSU_17190,K13612
BSU_17200,K13613
BSU_17210,K13614
BSU_17220,K13615
BSU_17230,
BSU_17240,
BSU_17250,
BSU_17260,K17734
BSU_17270,
BSU_17280,
BSU_17290,
BSU_17300,
BSU_17310,
BSU_17320,
BSU_17330,K00791
BSU_17340,K03666
BSU_17350,
BSU_17360,
BSU_17370,K03647
BSU_17380,K00525
BSU_17390,K00526
BSU_17400,
BSU_17410,K01448
BSU_17420,K06413
BSU_17430,K03665
BSU_17440,
BSU_17450,K03713
BSU_17460,K01915
BSU_17470,
BSU_17480,
BSU_17490,
BSU_17500,
BSU_17510,
BSU_17520,
BSU_17530,
BSU_17540,
BSU_17550,
BSU_17559,
BSU_17560,
BSU_17570,K03292
BSU_17580,K01198
BSU_17590,
BSU_17600,K01805
BSU_17610,K00854
BSU_17620,K01174
BSU_17630,K06609
BSU_17640,K01775
BSU_17650,
BSU_17660,K01520
BSU_17670,
BSU_17679,
BSU_17680,K00560
BSU_17689,
BSU_17690,
BSU_17699,
BSU_17700,K06326
BSU_17710,K03116
BSU_17715,
BSU_17720,
BSU_17730,
BSU_17740,
BSU_17750,K06310
BSU_17760,K06311
BSU_17770,K06312
BSU_17780,
BSU_17790,
BSU_17800,
BSU_17810,
BSU_17820,
BSU_17830,
BSU_17840,K11210
BSU_17845,
BSU_17850,K01356
BSU_17860,
BSU_17870,
BSU_17880,
BSU_17890,K00615
BSU_17900,
BSU_17910,K09976
BSU_17920,
BSU_17930,K06196
BSU_17940,K03413
BSU_17950,
BSU_17960,
BSU_17970,
BSU_17980,K06433
BSU_17990,K06432
BSU_18000,K01681
BSU_18010,
BSU_18019,
BSU_18020,K06431
BSU_18030,K06434
BSU_18040,K07107
BSU_18050,
BSU_18060,
BSU_18070,K08591
BSU_18080,K06929
BSU_18090,K02622
BSU_18100,K02621
BSU_18120,K03310
BSU_18130,K01179
BSU_18140,
BSU_18150,K15924
BSU_18160,K15921
BSU_18170,
BSU_18180,K00963
BSU_18190,
BSU_18200,K07097
BSU_18210,K01604
BSU_18220,
BSU_18230,K01640
BSU_18239,K02160
BSU_18240,K01961
BSU_18250,K00666
BSU_18260,
BSU_18270,
BSU_18275,
BSU_18280,
BSU_18290,
BSU_18300,
BSU_18310,
BSU_18320,
BSU_18330,
BSU_18340,
BSU_18350,K07259
BSU_18360,K01785
BSU_18370,
BSU_18380,K23598
BSU_18390,
BSU_18400,
BSU_18410,K00681
BSU_18420,K21959
BSU_18430,K13955
BSU_18440,K00266
BSU_18450,K00265
BSU_18460,K09681
BSU_18470,K00931
BSU_18480,K00286
BSU_18490,
BSU_18500,K00059
BSU_18510,
BSU_18520,
BSU_18530,K03790
BSU_18540,
BSU_18550,K11216
BSU_18560,K00058
BSU_18570,
BSU_18580,
BSU_18590,
BSU_18595,
BSU_18596,
BSU_18600,
BSU_18610,K03406
BSU_18620,K00483
BSU_18630,K20628
BSU_18640,
BSU_18650,K01732
BSU_18660,
BSU_18669,
BSU_18670,K01569
BSU_18680,
BSU_18689,
BSU_18690,
BSU_18700,
BSU_18709,
BSU_18710,
BSU_18720,
BSU_18730,
BSU_18740,K07727
BSU_18750,
BSU_18760,
BSU_18770,
BSU_18780,
BSU_18790,
BSU_18800,K17836
BSU_18810,
BSU_18820,
BSU_18830,K22579
BSU_18840,K01181
BSU_18849,
BSU_18850,
BSU_18860,
BSU_18870,
BSU_18880,
BSU_18890,
BSU_18898,
BSU_18899,
BSU_18900,
BSU_18908,
BSU_18910,
BSU_18920,K06358
BSU_18950,
BSU_18960,
BSU_18970,
BSU_18978,
BSU_18980,
BSU_18990,K21488
BSU_19000,K21487
BSU_19010,
BSU_19020,K00274
BSU_19030,
BSU_19040,K06878
BSU_19050,
BSU_19060,K22476
BSU_19070,
BSU_19080,
BSU_19090,
BSU_19100,
BSU_19110,
BSU_19120,K22043
BSU_19130,
BSU_19140,K08976
BSU_19150,
BSU_19160,
BSU_19170,K01297
BSU_19180,K10255
BSU_19190,K07778
BSU_19200,K07693
BSU_19210,
BSU_19220,K03654
BSU_19230,K01118
BSU_19240,K06204
BSU_19250,
BSU_19259,
BSU_19260,K13993
BSU_19270,
BSU_19280,
BSU_19290,
BSU_19300,
BSU_19310,K00128
BSU_19320,K18115
BSU_19330,K04564
BSU_19340,K03308
BSU_19350,K03453
BSU_19360,K00658
BSU_19370,K00164
BSU_19380,
BSU_19390,K04748
BSU_19400,K04565
BSU_19410,
BSU_19420,
BSU_19430,K18672
BSU_19440,K03327
BSU_19450,K17763
BSU_19460,K22135
BSU_19470,
BSU_19479,
BSU_19480,K05786
BSU_19490,
BSU_19510,
BSU_19520,K03299
BSU_19530,
BSU_19540,
BSU_19550,
BSU_19560,K06999
BSU_19570,K15975
BSU_19579,
BSU_19580,K03307
BSU_19590,K03797
BSU_19600,
BSU_19610,
BSU_19620,K07260
BSU_19630,K03784
BSU_19639,
BSU_19640,
BSU_19650,
BSU_19660,
BSU_19669,
BSU_19670,
BSU_19680,
BSU_19689,
BSU_19690,K01843
BSU_19700,K21935
BSU_19710,K01438
BSU_19720,K01035
BSU_19730,K01034
BSU_19740,
BSU_19745,
BSU_19749,
BSU_19750,
BSU_19760,
BSU_19770,K06321
BSU_19780,K06319
BSU_19790,K06320
BSU_19800,K01083
BSU_19820,
BSU_19830,
BSU_19840,
BSU_19850,
BSU_19860,
BSU_19870,
BSU_19880,
BSU_19890,
BSU_19900,
BSU_19910,
BSU_19915,
BSU_19920,
BSU_19930,
BSU_19940,
BSU_19950,
BSU_19970,
BSU_19980,
BSU_19990,
BSU_19999,
BSU_20000,
BSU_20010,
BSU_20020,K01520
BSU_20040,K00526
BSU_20050,
BSU_20060,K00525
BSU_20070,K03647
BSU_20080,
BSU_20090,
BSU_20100,
BSU_20110,
BSU_20120,
BSU_20130,
BSU_20140,
BSU_20150,
BSU_20160,
BSU_20170,
BSU_20180,
BSU_20190,
BSU_20200,
BSU_20210,
BSU_20220,
BSU_20230,
BSU_20240,
BSU_20250,K00558
BSU_20260,
BSU_20270,
BSU_20280,
BSU_20290,
BSU_20300,
BSU_20310,
BSU_20320,
BSU_20330,
BSU_20340,K02337
BSU_20350,K07462
BSU_20360,
BSU_20370,K02314
BSU_20380,
BSU_20390,
BSU_20400,
BSU_20410,
BSU_20420,
BSU_20430,
BSU_20440,
BSU_20450,
BSU_20460,
BSU_20470,
BSU_20480,
BSU_20490,
BSU_20500,K01971
BSU_20510,
BSU_20520,
BSU_20530,
BSU_20540,
BSU_20550,
BSU_20560,
BSU_20570,
BSU_20580,
BSU_20590,
BSU_20600,
BSU_20610,
BSU_20620,
BSU_20630,
BSU_20640,
BSU_20650,
BSU_20660,
BSU_20670,K07741
BSU_20680,
BSU_20690,
BSU_20700,
BSU_20710,
BSU_20720,
BSU_20730,
BSU_20740,
BSU_20750,
BSU_20760,
BSU_20770,
BSU_20780,
BSU_20790,
BSU_20800,
BSU_20810,
BSU_20820,
BSU_20830,
BSU_20840,
BSU_20850,
BSU_20860,
BSU_20870,
BSU_20880,
BSU_20890,
BSU_20900,
BSU_20910,
BSU_20920,
BSU_20928,
BSU_20929,
BSU_20930,
BSU_20940,
BSU_20950,K07727
BSU_20960,
BSU_20970,
BSU_20980,
BSU_20990,
BSU_20999,
BSU_21000,
BSU_21010,
BSU_21020,
BSU_21030,
BSU_21040,
BSU_21050,K03530
BSU_21058,
BSU_21060,
BSU_21070,
BSU_21080,
BSU_21090,
BSU_21100,
BSU_21110,
BSU_21120,
BSU_21130,
BSU_21140,
BSU_21150,
BSU_21160,
BSU_21170,
BSU_21180,
BSU_21190,
BSU_21200,
BSU_21210,
BSU_21220,
BSU_21229,
BSU_21230,
BSU_21240,
BSU_21250,
BSU_21260,
BSU_21270,
BSU_21280,
BSU_21290,
BSU_21300,K04763
BSU_21310,
BSU_21320,
BSU_21329,
BSU_21330,
BSU_21340,
BSU_21350,
BSU_21360,
BSU_21370,
BSU_21380,
BSU_21390,
BSU_21400,
BSU_21409,
BSU_21410,K01447
BSU_21420,
BSU_21430,
BSU_21440,
BSU_21450,
BSU_21460,
BSU_21470,K20344
BSU_21480,
BSU_21490,
BSU_21500,K03502
BSU_21510,
BSU_21520,
BSU_21530,
BSU_21540,
BSU_21546,
BSU_21550,
BSU_21560,
BSU_21570,K21490
BSU_21580,K21489
BSU_21590,
BSU_21600,
BSU_21610,K01174
BSU_21620,
BSU_21630,K00662
BSU_21638,
BSU_21639,
BSU_21640,
BSU_21650,
BSU_21660,K06400
BSU_21680,K07305
BSU_21690,K07304
BSU_21700,
BSU_21710,
BSU_21720,
BSU_21730,
BSU_21740,
BSU_21750,K07152
BSU_21760,
BSU_21770,K01754
BSU_21780,
BSU_21790,K11068
BSU_21800,
BSU_21810,K00287
BSU_21820,K00560
BSU_21830,
BSU_21840,
BSU_21850,
BSU_21860,
BSU_21870,K01687
BSU_21880,
BSU_21890,K06950
BSU_21900,K00432
BSU_21910,K00651
BSU_21920,K03429
BSU_21925,
U_21940,
BSU_21950,
BSU_21960,
BSU_21970,K03469
BSU_21980,K09125
BSU_21990,K03469
BSU_22000,K06429
BSU_22010,K23786
BSU_22019,
BSU_22020,
BSU_22030,
BSU_22036,
BSU_22040,K16168
BSU_22050,K16167
BSU_22060,K16169
BSU_22070,K03816
BSU_22080,K01299
BSU_22090,K02526
BSU_22100,K01625
BSU_22110,K00874
BSU_22120,K02525
BSU_22130,K01815
BSU_22140,K00065
BSU_22150,K03722
BSU_22160,
BSU_22169,
BSU_22170,K07444
BSU_22180,
BSU_22190,
BSU_22200,K06327
BSU_22205,
BSU_22210,K07502
BSU_22220,K06877
BSU_22230,K02777
BSU_22240,K13993
BSU_22250,
BSU_22260,
BSU_22270,
BSU_22280,
BSU_22290,K06430
BSU_22300,
BSU_22310,K03700
BSU_22320,K05366
BSU_22330,
BSU_22340,K10773
BSU_22350,K02086
BSU_22360,K01893
BSU_22370,K00812
BSU_22380,
BSU_22390,
BSU_22400,K03722
BSU_22410,K01579
BSU_22420,K01918
BSU_22430,K00606
BSU_22440,K03524
BSU_22450,K00974
BSU_22460,K00754
BSU_22470,K01463
BSU_22480,K01734
BSU_22490,K00215
BSU_22500,
BSU_22510,
BSU_22520,
BSU_22530,
BSU_22540,K03888
BSU_22550,K03887
BSU_22560,K03886
BSU_22570,
BSU_22580,
BSU_22590,
BSU_22600,K00800
BSU_22610,K04517
BSU_22620,K00817
BSU_22630,K01695
BSU_22640,K01696
BSU_22650,K01817
BSU_22670,K00766
BSU_22680,K01657
BSU_22690,K06208
BSU_22700,K01735
BSU_22710,K01736
BSU_22720,K00575
BSU_22730,K00940
BSU_22740,K24873
BSU_22750,K03183
BSU_22760,K00805
BSU_22770,K06285
BSU_22780,K01495
BSU_22790,K03530
BSU_22800,K06398
BSU_22810,
BSU_22820,
BSU_22830,K00057
BSU_22840,K03977
BSU_22849,
BSU_22850,K05739
BSU_22860,
BSU_22869,
BSU_22870,K01823
BSU_22880,K02945
BSU_22890,K00945
BSU_22900,
BSU_22910,
BSU_22920,K06313
BSU_22930,K01449
BSU_22940,K24131
BSU_22950,K00384
BSU_22960,K00260
BSU_22970,K16511
BSU_22980,K07098
BSU_22990,
BSU_23000,
BSU_23010,K07052
BSU_23020,K03654
BSU_23030,
BSU_23040,K05337
BSU_23050,K23675
BSU_23070,K00058
BSU_23080,K03785
BSU_23090,
BSU_23100,K03088
BSU_23110,K07651
BSU_23120,K07775
BSU_23130,
BSU_23140,K07399
BSU_23150,
BSU_23160,K06178
BSU_23170,K06374
BSU_23180,K06373
BSU_23190,K07258
BSU_23200,
BSU_23210,K06024
BSU_23220,K05896
BSU_23230,K09763
BSU_23240,K02859
BSU_23250,K00794
BSU_23260,K14652
BSU_23270,K00793
BSU_23280,K11752
BSU_23300,
BSU_23310,K03100
BSU_23320,
BSU_23328,K07069
BSU_23340,
BSU_23350,K06304
BSU_23360,K03768
BSU_23370,
BSU_23380,K01586
BSU_23390,K06408
BSU_23401,K06407
BSU_23402,K06407
BSU_23410,K06406
BSU_23420,K06405
BSU_23430,K06404
BSU_23440,K06403
BSU_23450,K03091
BSU_23460,K06379
BSU_23470,K06378
BSU_23480,K07258
BSU_23490,K03783
BSU_23500,K01839
BSU_23510,K04763
BSU_23519,
BSU_23520,K03711
BSU_23530,K06384
BSU_23540,
BSU_23550,K00027
BSU_23560,K03315
BSU_23570,K01744
BSU_23580,K01424
BSU_23590,
BSU_23600,
BSU_23610,K01515
BSU_23616,
BSU_23620,
BSU_23630,
BSU_23640,K06889
BSU_23650,
BSU_23660,
BSU_23670,
BSU_23680,
BSU_23690,
BSU_23700,
BSU_23710,K02346
BSU_23720,
BSU_23730,
BSU_23740,
BSU_23750,
BSU_23760,K00867
BSU_23770,K01753
BSU_23780,K07124
BSU_23790,
BSU_23800,K00286
BSU_23810,
BSU_23820,K00354
BSU_23830,
BSU_23840,K00784
BSU_23850,K00036
BSU_23860,K00033
BSU_23870,K02346
BSU_23880,
BSU_23890,K03217
BSU_23900,K09166
BSU_23910,K01258
BSU_23920,K01966
BSU_23930,K05606
BSU_23940,
BSU_23950,
BSU_23960,K23060
BSU_23970,K17077
BSU_23980,K23059
BSU_23990,
BSU_24000,K07029
BSU_24010,K19578
BSU_24020,K19575
BSU_24030,K09699
BSU_24040,K00167
BSU_24050,K00166
BSU_24060,K00382
BSU_24070,K00929
BSU_24080,K00263
BSU_24090,K00634
BSU_24100,
BSU_24110,
BSU_24120,K03417
BSU_24130,K01720
BSU_24140,K01647
BSU_24150,K18244
BSU_24160,K00074
BSU_24170,K00626
BSU_24180,K01126
BSU_24190,K01448
BSU_24200,
BSU_24205,
BSU_24210,
BSU_24220,K07699
BSU_24230,K06399
BSU_24240,K03631
BSU_24250,K03402
BSU_24260,K06442
BSU_24270,K01662
BSU_24280,K13789
BSU_24290,K03602
BSU_24300,K03601
BSU_24310,K01491
BSU_24320,K03625
BSU_24330,
BSU_24340,K01961
BSU_24350,K02160
BSU_24360,K06397
BSU_24370,K06396
BSU_24380,K06395
BSU_24390,K06394
BSU_24400,K06393
BSU_24410,K06392
BSU_24420,K06391
BSU_24430,K06390
BSU_24440,
BSU_24450,K02356
BSU_24460,K01262
BSU_24470,K03786
BSU_24480,
BSU_24490,
BSU_24500,
BSU_24510,K07001
BSU_24520,
BSU_24530,K23734
BSU_24540,
BSU_24550,K00283
BSU_24560,K00282
BSU_24570,K00605
BSU_24580,
BSU_24590,
BSU_24600,
BSU_24610,K19449
BSU_24620,K06336
BSU_24630,K13280
BSU_24640,K19433
BSU_24650,
BSU_24660,
BSU_24670,K02249
BSU_24680,K02248
BSU_24690,K02247
BSU_24700,K02246
BSU_24710,K02245
BSU_24720,K02244
BSU_24730,K02243
BSU_24740,K03284
BSU_24750,K03699
BSU_24760,K17763
BSU_24770,K16509
BSU_24780,
BSU_24790,K01069
BSU_24800,
BSU_24810,
BSU_24820,
BSU_24830,K01308
BSU_24840,K19005
BSU_24850,K25026
BSU_24860,
BSU_24870,K19225
BSU_24880,
BSU_24890,K01934
BSU_24900,K02913
BSU_24910,
BSU_24920,
BSU_24930,
BSU_24940,
BSU_24950,K02036
BSU_24960,K02036
BSU_24970,K02038
BSU_24980,K02037
BSU_24990,K02040
BSU_25000,K21465
BSU_25010,K08222
BSU_25020,K04564
BSU_25030,K09793
BSU_25040,
BSU_25050,
BSU_25060,
BSU_25070,K03526
BSU_25080,
BSU_25090,K05967
BSU_25100,K02076
BSU_25110,
BSU_25120,
BSU_25130,K01151
BSU_25140,K18692
BSU_25150,
BSU_25160,K03527
BSU_25170,
BSU_25180,K06967
BSU_25190,K13300
BSU_25200,K03086
BSU_25210,K02316
BSU_25220,
BSU_25230,K09768
BSU_25240,K09773
BSU_25250,K23774
BSU_25260,K01879
BSU_25270,K01878
BSU_25280,K03584
BSU_25289,
BSU_25290,K03595
BSU_25300,K01489
BSU_25310,K00887
BSU_25320,K07042
BSU_25330,K07037
BSU_25340,K06217
BSU_25350,K06438
BSU_25360,
BSU_25370,
BSU_25380,
BSU_25390,K07403
BSU_25400,K09117
BSU_25410,K02970
BSU_25420,K03324
BSU_25430,K18707
BSU_25440,K09761
BSU_25450,K02687
BSU_25460,K03686
BSU_25470,K04043
BSU_25480,K03687
BSU_25490,K03705
BSU_25500,
BSU_25510,K03596
BSU_25520,
BSU_25530,K06385
BSU_25540,K06012
BSU_25550,K02968
BSU_25560,K02340
BSU_25565,
BSU_25569,
BSU_25570,K02238
BSU_25580,K01493
BSU_25590,K02237
BSU_25600,K02239
BSU_25610,
BSU_25620,K09710
BSU_25630,
BSU_25640,K00969
BSU_25650,K07574
BSU_25660,K00014
BSU_25670,K06948
BSU_25680,K07015
BSU_25690,K06371
BSU_25700,
BSU_25710,K01447
BSU_25720,
BSU_25730,K00033
BSU_25740,
BSU_25750,
BSU_25770,K06400
BSU_25780,K03741
BSU_25790,K03325
BSU_25800,
BSU_25810,K03892
BSU_25820,K09190
BSU_25830,
BSU_25840,K06354
BSU_25850,
BSU_25860,K21491
BSU_25870,
BSU_25875,
BSU_25880,
BSU_25890,
BSU_25900,K01447
BSU_25910,
BSU_25920,
BSU_25930,
BSU_25940,
BSU_25950,
BSU_25960,
BSU_25970,
BSU_25980,
BSU_25990,
BSU_26000,
BSU_26010,
BSU_26020,
BSU_26030,
BSU_26050,
BSU_26055,
BSU_26060,
BSU_26075,
BSU_26089,
BSU_26090,
BSU_26100,
BSU_26110,
BSU_26120,
BSU_26130,
BSU_26140,
BSU_26150,
BSU_26160,
BSU_26170,
BSU_26180,
BSU_26190,K06909
BSU_26200,
BSU_26210,
BSU_26220,
BSU_26230,
BSU_26240,
BSU_26250,
BSU_26259,
BSU_26260,K02315
BSU_26270,
BSU_26280,K07455
BSU_26290,
BSU_26300,
BSU_26305,
BSU_26310,
BSU_26320,
BSU_26330,
BSU_26340,
BSU_26350,
BSU_26360,
BSU_26370,
BSU_26380,
BSU_26399,
BSU_26400,
BSU_26410,K13256
BSU_26420,
BSU_26430,K02483
BSU_26440,K07148
BSU_26449,
BSU_26450,
BSU_26470,
BSU_26480,
BSU_26490,K07090
BSU_26500,K04085
BSU_26510,
BSU_26530,
BSU_26540,
BSU_26550,
BSU_26560,
BSU_26569,
BSU_26570,
BSU_26580,
BSU_26590,K08153
BSU_26600,K00657
BSU_26610,K03699
BSU_26619,
BSU_26620,
BSU_26630,K21959
BSU_26640,K07222
BSU_26650,K16264
BSU_26660,
BSU_26670,K21959
BSU_26680,
BSU_26690,K03311
BSU_26700,
BSU_26710,
BSU_26720,K03719
BSU_26730,K03623
BSU_26740,
BSU_26760,
BSU_26770,
BSU_26780,
BSU_26790,K05593
BSU_26800,K00459
BSU_26810,K01776
BSU_26820,
BSU_26826,
BSU_26827,
BSU_26830,K09815
BSU_26840,K03088
BSU_26850,
BSU_26860,K03300
BSU_26870,
BSU_26880,
BSU_26890,K01233
BSU_26900,
BSU_26910,
BSU_26920,
BSU_26930,
BSU_26935,
BSU_26940,
BSU_26950,K06440
BSU_26960,
BSU_26970,K00121
BSU_26980,K06440
BSU_26990,K06439
BSU_27000,K21745
BSU_27009,K01607
BSU_27010,K13979
BSU_27020,K05520
BSU_27030,K03332
BSU_27035,
BSU_27040,K02796
BSU_27050,K11196
BSU_27060,K02794
BSU_27070,
BSU_27080,
BSU_27085,
BSU_27090,K11737
BSU_27100,
BSU_27110,K23356
BSU_27120,K03088
BSU_27130,
BSU_27140,
BSU_27150,
BSU_27160,K14338
BSU_27170,K22106
BSU_27180,
BSU_27185,
BSU_27190,
BSU_27200,K21993
BSU_27210,
BSU_27220,K00123
BSU_27230,
BSU_27240,
BSU_27250,K17217
BSU_27260,K17216
BSU_27270,K01243
BSU_27280,K17462
BSU_27290,
BSU_27300,
BSU_27310,K21468
BSU_27320,K03624
BSU_27330,K00876
BSU_27340,K08303
BSU_27350,K08303
BSU_27360,
BSU_27370,K07082
BSU_27380,
BSU_27390,K07447
BSU_27400,
BSU_27410,K01872
BSU_27420,
BSU_27430,K10041
BSU_27440,K10039
BSU_27450,K10040
BSU_27460,K10040
BSU_27468,
BSU_27469,
BSU_27470,
BSU_27480,K03581
BSU_27490,
BSU_27500,K00566
BSU_27510,K04487
BSU_27520,K17472
BSU_27530,K07478
BSU_27540,K22132
BSU_27550,K01876
BSU_27560,K01892
BSU_27570,
BSU_27580,K01448
BSU_27590,K07560
BSU_27600,K01139
BSU_27610,K00759
BSU_27620,K07462
BSU_27630,K08992
BSU_27640,K07228
BSU_27650,K12257
BSU_27660,
BSU_27670,K06409
BSU_27680,
BSU_27690,
BSU_27700,K03210
BSU_27710,K00773
BSU_27720,K07568
BSU_27729,
BSU_27730,K03551
BSU_27740,K03550
BSU_27750,K06318
BSU_27760,
BSU_27770,K00010
BSU_27785,
BSU_27786,
BSU_27800,
BSU_27809,
BSU_27810,K03310
BSU_27820,
BSU_27830,K06345
BSU_27840,K06370
BSU_27850,K03517
BSU_27860,K00767
BSU_27870,K00278
BSU_27880,K04487
BSU_27890,K07105
BSU_27900,K04518
BSU_27910,K06209
BSU_27920,K03979
BSU_27930,K06375
BSU_27935,
BSU_27940,K02899
BSU_27950,K07584
BSU_27960,K02888
BSU_27970,K06402
BSU_27980,K06401
BSU_27990,K03609
BSU_28000,K03610
BSU_28010,K03571
BSU_28020,K03570
BSU_28030,K03569
BSU_28040,K03630
BSU_28050,K06287
BSU_28060,K06380
BSU_28070,K02236
BSU_28080,K11754
BSU_28090,K01873
BSU_28099,
BSU_28100,
BSU_28110,K06417
BSU_28120,K01845
BSU_28130,K01698
BSU_28140,K01719
BSU_28150,K01749
BSU_28160,K02497
BSU_28170,K02492
BSU_28180,
BSU_28190,K03978
BSU_28200,K01338
BSU_28210,K04076
BSU_28220,K03544
BSU_28230,K03545
BSU_28240,
BSU_28250,K01704
BSU_28260,K01703
BSU_28270,K00052
BSU_28280,K01649
BSU_28290,K00053
BSU_28300,K01653
BSU_28310,K01652
BSU_28320,
BSU_28330,K03829
BSU_28340,
BSU_28350,K07095
BSU_28360,K01519
BSU_28370,K00989
BSU_28380,K06298
BSU_28390,K01776
BSU_28400,K23775
BSU_28410,K01994
BSU_28420,K07107
BSU_28430,K00240
BSU_28440,K00239
BSU_28450,K00241
BSU_28460,
BSU_28470,K00928
BSU_28475,K00928
BSU_28490,K03703
BSU_28500,K03671
BSU_28510,K01209
BSU_28520,K03522
BSU_28530,K03521
BSU_28540,K13767
BSU_28550,K13770
BSU_28560,K01897
BSU_28570,K08989
BSU_28580,K07456
BSU_28590,K02347
BSU_28600,
BSU_28610,K09888
BSU_28620,K03471
BSU_28630,K01890
BSU_28640,K01889
BSU_28645,
BSU_28650,K03437
BSU_28660,K06426
BSU_28670,K02647
BSU_28680,K00104
BSU_28690,K11473
BSU_28700,K01759
BSU_28709,
BSU_28710,K06200
BSU_28720,K01209
BSU_28730,K17236
BSU_28740,K17235
BSU_28750,K17234
BSU_28760,K00096
BSU_28770,K02101
BSU_28780,K03077
BSU_28790,K00853
BSU_28800,K01804
BSU_28810,K06113
BSU_28820,
BSU_28830,
BSU_28840,
BSU_28850,K02887
BSU_28860,K02916
BSU_28870,K02520
BSU_28890,
BSU_28900,K05339
BSU_28910,K05338
BSU_28920,K07705
BSU_28930,K07704
BSU_28940,K25528
BSU_28950,K01868
BSU_28960,
BSU_28970,
BSU_28980,K11144
BSU_28990,K03346
BSU_29000,K07738
BSU_29010,K01611
BSU_29020,K00134
BSU_29030,
BSU_29040,
BSU_29050,K23257
BSU_29060,K00859
BSU_29070,
BSU_29080,K10563
BSU_29090,K02335
BSU_29100,K07636
BSU_29110,K07658
BSU_29120,K00024
BSU_29130,K00031
BSU_29140,K01647
BSU_29150,
BSU_29160,
BSU_29170,K07113
BSU_29180,K00873
BSU_29190,K00850
BSU_29200,K01962
BSU_29210,K01963
BSU_29220,K00027
BSU_29230,K02337
BSU_29239,
BSU_29240,
BSU_29249,
BSU_29250,K06881
BSU_29260,
BSU_29270,
BSU_29280,K07090
BSU_29290,K21613
BSU_29300,K11753
BSU_29310,
BSU_29320,K03676
BSU_29330,
BSU_29340,K16960
BSU_29350,K16959
BSU_29360,K16958
BSU_29370,K16957
BSU_29380,
BSU_29390,K00680
BSU_29400,K21960
BSU_29410,
BSU_29420,K00059
BSU_29430,
BSU_29440,K01755
BSU_29450,K01940
BSU_29460,K03638
BSU_29470,K00925
BSU_29479,
BSU_29480,K00571
BSU_29490,K11065
BSU_29500,
BSU_29510,
BSU_29520,
BSU_29530,K04773
BSU_29540,K00858
BSU_29550,
BSU_29560,K01895
BSU_29570,
BSU_29580,K03151
BSU_29590,K04487
BSU_29600,K03311
BSU_29610,K06286
BSU_29620,K04486
BSU_29630,
BSU_29640,K08968
BSU_29650,
BSU_29660,K02986
BSU_29670,K01866
BSU_29680,K01895
BSU_29690,K04766
BSU_29700,K04767
BSU_29710,K04768
BSU_29720,K02557
BSU_29730,K02556
BSU_29740,K02529
BSU_29750,K13853
BSU_29760,
BSU_29770,
BSU_29780,
BSU_29790,K01924
BSU_29805,K03466
BSU_29820,K06878
BSU_29830,
BSU_29840,
BSU_29845,
BSU_29850,
BSU_29860,
BSU_29870,
BSU_29880,K00027
BSU_29890,
BSU_29900,K03439
BSU_29910,
BSU_29920,
BSU_29930,K01200
BSU_29940,
BSU_29950,
BSU_29960,K01975
BSU_29970,K01738
BSU_29980,K01439
BSU_29990,K06901
BSU_30000,K01992
BSU_30010,K01990
BSU_30020,
BSU_30035,K06183
BSU_30050,
BSU_30060,
BSU_30070,K05020
BSU_30080,
BSU_30090,
BSU_30100,
BSU_30110,
BSU_30120,K15532
BSU_30135,K25674
BSU_30150,
BSU_30160,K25673
BSU_30170,K25675
BSU_30180,K19243
BSU_30190,
BSU_30200,K01012
BSU_30210,K01935
BSU_30220,K00652
BSU_30230,K19563
BSU_30240,K01906
BSU_30250,
BSU_30260,K02529
BSU_30270,K10117
BSU_30280,K10118
BSU_30290,K10119
BSU_30300,K07406
BSU_30310,
BSU_30320,K01869
BSU_30330,
BSU_30340,
BSU_30350,
BSU_30360,
BSU_30370,K11632
BSU_30380,K11631
BSU_30390,K11629
BSU_30400,K11630
BSU_30410,K16918
BSU_30420,K16920
BSU_30430,K16919
BSU_30440,K16919
BSU_30450,K16921
BSU_30460,K07979
BSU_30466,
BSU_30470,
BSU_30480,K07139
BSU_30490,
BSU_30500,K16188
BSU_30510,K01048
BSU_30520,
BSU_30530,K03293
BSU_30540,K01953
BSU_30550,K00789
BSU_30560,K01610
BSU_30570,
BSU_30580,
BSU_30595,K02051
BSU_30610,K02049
BSU_30620,K02050
BSU_30630,K03574
BSU_30640,
BSU_30650,K04047
BSU_30659,
BSU_30660,
BSU_30670,K07173
BSU_30680,K08998
BSU_30690,K01673
BSU_30700,K02909
BSU_30710,K00425
BSU_30720,K00426
BSU_30739,
BSU_30740,K11709
BSU_30750,K11708
BSU_30760,K11710
BSU_30770,K11707
BSU_30780,K02549
BSU_30790,K01911
BSU_30800,K01661
BSU_30810,K08680
BSU_30820,K02551
BSU_30830,K02552
BSU_30840,
BSU_30850,K00963
BSU_30860,K00012
BSU_30870,
BSU_30880,K06338
BSU_30890,
BSU_30900,K06337
BSU_30910,K06338
BSU_30920,
BSU_30930,K05770
BSU_30940,K00688
BSU_30950,K00703
BSU_30960,K00975
BSU_30970,K00975
BSU_30980,K00700
BSU_30990,K16789
BSU_31000,
BSU_31010,K07192
BSU_31020,
BSU_31030,
BSU_31040,
BSU_31050,K11440
BSU_31060,K00130
BSU_31070,K22109
BSU_31080,
BSU_31090,K03499
BSU_31100,K03498
BSU_31110,
BSU_31120,
BSU_31130,
BSU_31140,K00456
BSU_31150,K06153
BSU_31160,
BSU_31170,K22230
BSU_31180,K01813
BSU_31190,K03534
BSU_31200,K00848
BSU_31210,
BSU_31220,
BSU_31230,K03406
BSU_31240,K03406
BSU_31250,K03406
BSU_31260,K03406
BSU_31270,K00686
BSU_31279,
BSU_31280,
BSU_31289,
BSU_31290,K01187
BSU_31300,K03699
BSU_31310,K06973
BSU_31319,
BSU_31321,
BSU_31322,K10716
BSU_31330,
BSU_31340,
BSU_31350,K01810
BSU_31360,K19955
BSU_31370,K19955
BSU_31380,K09779
BSU_31390,K07570
BSU_31400,K10907
BSU_31410,
BSU_31420,
BSU_31430,
BSU_31440,K14155
BSU_31450,K07697
BSU_31460,K06347
BSU_31470,K06348
BSU_31480,K08161
BSU_31490,K18770
BSU_31500,
BSU_31510,
BSU_31520,K11614
BSU_31530,K11615
BSU_31540,K07335
BSU_31550,K23537
BSU_31560,K23535
BSU_31570,K23536
BSU_31580,K11616
BSU_31590,
BSU_31600,K05565
BSU_31610,K05566
BSU_31620,K05567
BSU_31630,K05568
BSU_31640,K05569
BSU_31650,K05570
BSU_31660,K05571
BSU_31670,K19222
BSU_31680,K07691
BSU_31690,K07680
BSU_31700,K02253
BSU_31710,K02251
BSU_31720,
BSU_31725,
BSU_31730,
BSU_31740,
BSU_31750,K00763
BSU_31760,
BSU_31770,
BSU_31780,
BSU_31790,
BSU_31800,
BSU_31810,
BSU_31820,
BSU_31830,K06950
BSU_31840,K16216
BSU_31850,
BSU_31860,
BSU_31875,K03466
BSU_31890,
BSU_31900,
BSU_31910,
BSU_31920,
BSU_31930,K00259
BSU_31945,
BSU_31959,K05375
BSU_31960,K04780
BSU_31970,K01252
BSU_31980,K02363
BSU_31990,K02361
BSU_32000,K00216
BSU_32010,K07017
BSU_32020,
BSU_32030,K03523
BSU_32040,K07084
BSU_32050,K01255
BSU_32060,K09775
BSU_32070,
BSU_32080,
BSU_32090,
BSU_32100,K03885
BSU_32110,K21567
BSU_32120,
BSU_32130,K00364
BSU_32140,K07734
BSU_32150,K22441
BSU_32160,K13628
BSU_32170,K01778
BSU_32180,K03317
BSU_32190,
BSU_32200,K03885
BSU_32210,
BSU_32220,
BSU_32230,
BSU_32240,K00872
BSU_32250,K01733
BSU_32260,K00003
BSU_32270,
BSU_32280,
BSU_32290,
BSU_32300,
BSU_32310,
BSU_32320,
BSU_32330,K03644
BSU_32340,K21472
BSU_32350,
BSU_32360,
BSU_32370,K01081
BSU_32380,K07090
BSU_32390,
BSU_32400,
BSU_32410,K01466
BSU_32420,K09684
BSU_32430,K16170
BSU_32440,K16169
BSU_32450,K16838
BSU_32460,K07127
BSU_32469,
BSU_32470,K03518
BSU_32480,
BSU_32490,
BSU_32500,K07141
BSU_32510,K07402
BSU_32520,K00839
BSU_32530,K02083
BSU_32539,
BSU_32540,
BSU_32550,K10112
BSU_32560,K10711
BSU_32570,K10710
BSU_32580,K10119
BSU_32590,K10118
BSU_32600,K10117
BSU_32610,K10708
BSU_32620,
BSU_32630,
BSU_32640,K06424
BSU_32650,
BSU_32660,
BSU_32669,
BSU_32670,K09014
BSU_32680,K04488
BSU_32690,K11717
BSU_32700,K09015
BSU_32710,K09013
BSU_32719,
BSU_32720,
BSU_32730,K02073
BSU_32740,K02072
BSU_32750,K02071
BSU_32760,
BSU_32770,
BSU_32780,K07476
BSU_32790,
BSU_32800,K02437
BSU_32810,K00537
BSU_32820,
BSU_32830,K00632
BSU_32840,K07516
BSU_32849,
BSU_32850,K00318
BSU_32859,
BSU_32860,
BSU_32870,
BSU_32880,
BSU_32890,
BSU_32900,K00059
BSU_32910,K00059
BSU_32920,K21959
BSU_32930,
BSU_32940,K25130
BSU_32950,
BSU_32980,
BSU_32990,K04047
BSU_33000,K04771
BSU_33010,K07770
BSU_33020,K07650
BSU_33029,
BSU_33030,
BSU_33040,K01679
BSU_33049,
BSU_33050,
BSU_33060,K06311
BSU_33070,
BSU_33080,K11618
BSU_33090,K11617
BSU_33100,K11622
BSU_33110,K11621
BSU_33120,
BSU_33130,
BSU_33140,K08217
BSU_33150,K00798
BSU_33160,K25028
BSU_33170,K25027
BSU_33180,K25034
BSU_33190,
BSU_33200,
BSU_33210,
BSU_33221,
BSU_33222,
BSU_33230,
BSU_33239,
BSU_33240,K01569
BSU_33250,
BSU_33260,K24948
BSU_33270,K24949
BSU_33280,K24950
BSU_33290,K25290
BSU_33300,K25289
BSU_33310,K25288
BSU_33320,K25308
BSU_33330,K03758
BSU_33340,K06427
BSU_33350,K07038
BSU_33360,K19005
BSU_33370,K07219
BSU_33380,K02020
BSU_33390,K02018
BSU_33400,K23257
BSU_33410,
BSU_33420,K24163
BSU_33430,K00381
BSU_33440,K00380
BSU_33450,K03657
BSU_33460,
BSU_33470,
BSU_33480,
BSU_33490,K01534
BSU_33500,K17686
BSU_33510,K07213
BSU_33520,K21600
BSU_33530,K16044
BSU_33540,K01118
BSU_33550,
BSU_33560,
BSU_33570,K03297
BSU_33580,
BSU_33590,K00059
BSU_33600,K03664
BSU_33610,K12573
BSU_33620,K03928
BSU_33630,K03075
BSU_33640,
BSU_33650,
BSU_33660,
BSU_33670,
BSU_33680,
BSU_33690,K03406
BSU_33700,K05846
BSU_33710,K05845
BSU_33720,K05846
BSU_33730,K05847
BSU_33740,K22301
BSU_33750,
BSU_33760,
BSU_33770,
BSU_33780,
BSU_33790,
BSU_33800,K05846
BSU_33810,K05845
BSU_33820,K05846
BSU_33830,K05847
BSU_33840,K22301
BSU_33850,K05595
BSU_33860,
BSU_33870,
BSU_33880,
BSU_33890,
BSU_33900,K01689
BSU_33910,K15633
BSU_33920,K01803
BSU_33930,K00927
BSU_33940,K00134
BSU_33950,K05311
BSU_33960,K02100
BSU_33970,K02103
BSU_33980,
BSU_33990,
BSU_34000,
BSU_34010,K03293
BSU_34020,K06306
BSU_34030,K00782
BSU_34040,K18929
BSU_34050,K18928
BSU_34060,K07693
BSU_34070,K07778
BSU_34080,K01992
BSU_34090,K01990
BSU_34100,K19707
BSU_34110,K07315
BSU_34120,K01224
BSU_34130,K12308
BSU_34140,K15772
BSU_34150,K15771
BSU_34160,K15770
BSU_34170,K02529
BSU_34180,K05799
BSU_34190,K03303
BSU_34200,K03092
BSU_34210,
BSU_34220,
BSU_34230,K19430
BSU_34240,K19429
BSU_34250,K19428
BSU_34265,K19418
BSU_34280,
BSU_34290,
BSU_34300,
BSU_34310,K19419
BSU_34320,K19424
BSU_34330,K19423
BSU_34340,K19422
BSU_34350,K24300
BSU_34360,K00903
BSU_34370,K19420
BSU_34380,
BSU_34390,K03929
BSU_34399,
BSU_34400,K13727
BSU_34430,K01779
BSU_34440,
BSU_34450,K00692
BSU_34460,K01212
BSU_34470,
BSU_34480,
BSU_34490,K18924
BSU_34500,K11741
BSU_34510,
BSU_34520,
BSU_34530,
BSU_34540,K01358
BSU_34550,K01838
BSU_34560,K01182
BSU_34570,K00691
BSU_34580,
BSU_34590,K15772
BSU_34600,K15771
BSU_34610,K15770
BSU_34620,K01208
BSU_34630,
BSU_34640,
BSU_34650,
BSU_34660,K03321
BSU_34670,K01673
BSU_34680,K00090
BSU_34690,K02004
BSU_34700,K02003
BSU_34710,
BSU_34720,K02483
BSU_34729,
BSU_34730,K00675
BSU_34740,K11184
BSU_34750,K09762
BSU_34760,
BSU_34770,K06958
BSU_34780,K03574
BSU_34790,K00384
BSU_34800,K21471
BSU_34810,
BSU_34820,K18104
BSU_34830,
BSU_34840,
BSU_34850,
BSU_34860,K11755
BSU_34870,K02500
BSU_34880,K01814
BSU_34890,K02501
BSU_34900,K01693
BSU_34910,K00013
BSU_34920,K00765
BSU_34930,K02502
BSU_34940,
BSU_34950,
BSU_34960,K24872
BSU_34970,K06019
BSU_34980,
BSU_34990,K13292
BSU_35000,K06023
BSU_35010,K01443
BSU_35020,K02564
BSU_35030,K24967
BSU_35040,
BSU_35050,
BSU_35060,K17474
BSU_35070,K17485
BSU_35080,
BSU_35090,K07552
BSU_35100,K08972
BSU_35110,K03973
BSU_35120,
BSU_35130,
BSU_35140,
BSU_35160,K03701
BSU_35170,K03702
BSU_35180,
BSU_35190,K22579
BSU_35200,
BSU_35210,
BSU_35220,
BSU_35240,K03797
BSU_35250,K09811
BSU_35260,K09812
BSU_35270,K12263
BSU_35280,
BSU_35290,K02836
BSU_35300,K03070
BSU_35310,K05808
BSU_35319,
BSU_35320,K02423
BSU_35330,K02422
BSU_35340,K02407
BSU_35350,K06603
BSU_35360,K02406
BSU_35370,K03563
BSU_35380,K13626
BSU_35390,
BSU_35400,K02397
BSU_35410,K02396
BSU_35420,
BSU_35430,K02398
BSU_35440,
BSU_35450,K02242
BSU_35460,K02241
BSU_35470,K02240
BSU_35480,K25232
BSU_35490,K07692
BSU_35500,K07777
BSU_35510,
BSU_35520,K01005
BSU_35530,K02851
BSU_35540,K16699
BSU_35550,K16698
BSU_35560,K16706
BSU_35570,K16705
BSU_35580,K00012
BSU_35590,K16697
BSU_35600,K16695
BSU_35620,K01448
BSU_35630,K06381
BSU_35640,
BSU_35650,K01005
BSU_35660,K01791
BSU_35670,K00963
BSU_35678,
BSU_35680,
BSU_35700,K09693
BSU_35710,K09692
BSU_35720,K09809
BSU_35730,K00712
BSU_35740,K00980
BSU_35750,K05946
BSU_35760,K21285
BSU_35770,
BSU_35780,K23989
BSU_35790,K01809
BSU_35800,K06310
BSU_35810,K06311
BSU_35820,
BSU_35830,
BSU_35840,K01005
BSU_35850,
BSU_35860,
BSU_35870,
BSU_35880,K07282
BSU_35890,K22116
BSU_35900,K01932
BSU_35910,K02529
BSU_35920,K00852
BSU_35930,K06726
BSU_35940,K10441
BSU_35950,K10440
BSU_35960,K10439
BSU_35970,
BSU_35980,
BSU_35990,
BSU_36000,K01575
BSU_36010,K01652
BSU_36020,
BSU_36030,K03893
BSU_36040,
BSU_36050,K06325
BSU_36060,K06330
BSU_36070,
BSU_36079,
BSU_36080,
BSU_36090,
BSU_36100,K22602
BSU_36110,K03719
BSU_36120,K07240
BSU_36130,K07240
BSU_36140,
BSU_36150,
BSU_36160,
BSU_36170,K05982
BSU_36180,
BSU_36190,
BSU_36200,
BSU_36210,
BSU_36215,
BSU_36220,
BSU_36230,K00012
BSU_36240,K01104
BSU_36250,K00903
BSU_36260,K19420
BSU_36269,
BSU_36270,
BSU_36280,
BSU_36290,
BSU_36300,K22103
BSU_36310,K03111
BSU_36320,
BSU_36330,
BSU_36340,K07284
BSU_36350,
BSU_36360,K03282
BSU_36370,K02372
BSU_36380,
BSU_36390,K02392
BSU_36400,K02391
BSU_36410,K03569
BSU_36420,K06283
BSU_36430,K06435
BSU_36440,K06075
BSU_36450,
BSU_36460,
BSU_36470,K03457
BSU_36480,
BSU_36490,
BSU_36500,
BSU_36510,K03320
BSU_36520,K04751
BSU_36530,K19302
BSU_36540,
BSU_36550,K06386
BSU_36560,
BSU_36570,
BSU_36575,
BSU_36580,
BSU_36590,K06131
BSU_36600,
BSU_36610,
BSU_36620,K07118
BSU_36630,
BSU_36640,K01428
BSU_36650,K01429
BSU_36660,K01430
BSU_36668,
BSU_36670,
BSU_36680,
BSU_36690,
BSU_36700,K03639
BSU_36710,K02379
BSU_36720,
BSU_36730,K07114
BSU_36739,
BSU_36740,K07114
BSU_36750,K06381
BSU_36760,K00790
BSU_36770,
BSU_36780,
BSU_36790,
BSU_36800,K02114
BSU_36810,K02112
BSU_36820,K02115
BSU_36830,K02111
BSU_36840,K02113
BSU_36850,K02109
BSU_36860,K02110
BSU_36870,K02108
BSU_36880,K02116
BSU_36890,K00761
BSU_36900,K00600
BSU_36910,
BSU_36920,K01808
BSU_36930,K20201
BSU_36940,K23242
BSU_36950,K07566
BSU_36960,
BSU_36970,K06387
BSU_36980,
BSU_36990,
BSU_37000,K02493
BSU_37010,K02835
BSU_37020,K08234
BSU_37030,K11686
BSU_37040,K13936
BSU_37050,K00027
BSU_37060,K00857
BSU_37070,K02909
BSU_37080,K03628
BSU_37089,
BSU_37090,K02446
BSU_37100,K00790
BSU_37110,K00616
BSU_37120,K01624
BSU_37130,K02490
BSU_37140,
BSU_37150,K01937
BSU_37160,K03048
BSU_37170,K00248
BSU_37180,
BSU_37190,K06131
BSU_37200,K13281
BSU_37210,
BSU_37220,
BSU_37230,K06147
BSU_37240,K06131
BSU_37250,K00374
BSU_37260,K00373
BSU_37270,K00371
BSU_37280,K00370
BSU_37290,
BSU_37300,
BSU_37310,
BSU_37320,K02575
BSU_37330,K01887
BSU_37340,
BSU_37350,
BSU_37360,
BSU_37370,
BSU_37380,
BSU_37390,K01990
BSU_37400,
BSU_37410,
BSU_37420,
BSU_37430,
BSU_37440,
BSU_37450,
BSU_37460,
BSU_37470,K06355
BSU_37480,
BSU_37490,K01480
BSU_37500,K00797
BSU_37510,K21464
BSU_37520,
BSU_37530,
BSU_37540,K01821
BSU_37550,
BSU_37560,K01868
BSU_37569,
BSU_37570,K08166
BSU_37580,
BSU_37590,K09388
BSU_37600,K06885
BSU_37610,
BSU_37620,K06314
BSU_37630,K03298
BSU_37640,K16869
BSU_37650,K21900
BSU_37660,K00625
BSU_37670,K00435
BSU_37680,
BSU_37690,K08969
BSU_37700,K19552
BSU_37710,K13037
BSU_37720,
BSU_37730,
BSU_37740,
BSU_37750,K19577
BSU_37760,K02205
BSU_37770,
BSU_37780,K00294
BSU_37790,K00260
BSU_37800,
BSU_37810,K01790
BSU_37820,K00067
BSU_37830,K01710
BSU_37840,K00973
BSU_37850,K15897
BSU_37860,K07257
BSU_37870,
BSU_37880,
BSU_37890,
BSU_37900,
BSU_37910,
BSU_37920,K06305
BSU_37930,
BSU_37940,
BSU_37950,
BSU_37960,K00128
BSU_37970,K03648
BSU_37980,
BSU_37990,
BSU_38000,
BSU_38018,K10947
BSU_38020,K00868
BSU_38030,
BSU_38040,K01193
BSU_38050,K02810
BSU_38060,K02598
BSU_38070,K03488
BSU_38080,
BSU_38090,K14647
BSU_38100,
BSU_38110,K19285
BSU_38120,K05837
BSU_38130,
BSU_38140,K02829
BSU_38150,K02828
BSU_38160,K02827
BSU_38170,K02826
BSU_38180,
BSU_38190,K00965
BSU_38200,K00849
BSU_38210,
BSU_38220,
BSU_38229,K19432
BSU_38230,
BSU_38240,K14393
BSU_38250,
BSU_38260,K16301
BSU_38270,K07224
BSU_38280,K07243
BSU_38290,K00788
BSU_38300,K00878
BSU_38310,
BSU_38320,K06518
BSU_38330,
BSU_38340,K05820
BSU_38350,
BSU_38360,K06969
BSU_38370,K01759
BSU_38380,
BSU_38390,K02761
BSU_38400,K13277
BSU_38410,K02810
BSU_38420,K03488
BSU_38430,
BSU_38440,
BSU_38450,
BSU_38460,K01866
BSU_38470,K19701
BSU_38480,K07816
BSU_38490,K02548
BSU_38495,
BSU_38499,
BSU_38500,K03367
BSU_38510,K03739
BSU_38520,K14188
BSU_38530,K03740
BSU_38540,K14189
BSU_38550,K00826
BSU_38560,K01222
BSU_38570,K02759
BSU_38580,K02761
BSU_38590,K02760
BSU_38600,K03491
BSU_38610,
BSU_38620,K03652
BSU_38630,K03781
BSU_38640,
BSU_38650,K01992
BSU_38660,K01990
BSU_38670,
BSU_38680,
BSU_38690,
BSU_38700,K03088
BSU_38710,K03457
BSU_38720,K23997
BSU_38730,K16012
BSU_38740,K16013
BSU_38750,K00426
BSU_38760,K00425
BSU_38770,K11616
BSU_38780,
BSU_38790,
BSU_38800,
BSU_38810,K10112
BSU_38820,
BSU_38830,K00128
BSU_38840,
BSU_38850,
BSU_38860,K01784
BSU_38870,
BSU_38880,K19242
BSU_38890,
BSU_38900,
BSU_38910,
BSU_38920,K01258
BSU_38930,
BSU_38940,
BSU_38950,K00549
BSU_38960,K00549
BSU_38970,K00019
BSU_38980,K01029
BSU_38990,K01028
BSU_39000,
BSU_39010,K00563
BSU_39020,K16323
BSU_39040,
BSU_39050,K03781
BSU_39060,K03300
BSU_39070,K01216
BSU_39080,K03488
BSU_39090,
BSU_39100,K06902
BSU_39110,K05592
BSU_39120,
BSU_39139,
BSU_39140,
BSU_39150,
BSU_39160,
BSU_39170,
BSU_39180,
BSU_39190,
BSU_39200,
BSU_39210,
BSU_39220,
BSU_39230,
BSU_39240,
BSU_39250,
BSU_39260,K01223
BSU_39270,K02757
BSU_39280,
BSU_39290,K21494
BSU_39300,K21493
BSU_39310,
BSU_39320,
BSU_39330,K06113
BSU_39339,
BSU_39340,K09683
BSU_39350,K01745
BSU_39360,K01712
BSU_39370,K01468
BSU_39380,K01479
BSU_39390,
BSU_39400,K00756
BSU_39410,K11535
BSU_39420,K01619
BSU_39430,K05346
BSU_39440,
BSU_39450,K04023
BSU_39460,
BSU_39470,K21613
BSU_39480,K16963
BSU_39490,K16962
BSU_39500,K16961
BSU_39510,K24117
BSU_39520,K24116
BSU_39530,
BSU_39540,K24041
BSU_39550,
BSU_39560,
BSU_39570,
BSU_39580,
BSU_39590,
BSU_39600,
BSU_39610,K25308
BSU_39620,
BSU_39630,K11636
BSU_39640,K11635
BSU_39650,K11633
BSU_39660,K11634
BSU_39670,K03339
BSU_39680,K06606
BSU_39690,K06605
BSU_39700,K00010
BSU_39710,K06610
BSU_39720,K03335
BSU_39730,K03336
BSU_39740,K03338
BSU_39750,K03337
BSU_39760,K00140
BSU_39770,K06608
BSU_39780,K06607
BSU_39790,
BSU_39800,
BSU_39810,
BSU_39820,K04079
BSU_39830,
BSU_39840,
BSU_39850,
BSU_39860,K00128
BSU_39870,
BSU_39880,
BSU_39890,
BSU_39900,
BSU_39910,
BSU_39920,K01953
BSU_39930,
BSU_39940,
BSU_39950,
BSU_39960,
BSU_39970,K07148
BSU_39980,K07155
BSU_39990,K18939
BSU_40000,
BSU_40010,
BSU_40021,K06518
BSU_40022,
BSU_40030,
BSU_40040,K00865
BSU_40050,K11476
BSU_40060,K25031
BSU_40070,K03299
BSU_40080,K00033
BSU_40090,K24119
BSU_40100,K03387
BSU_40110,K01223
BSU_40120,
BSU_40130,K03489
BSU_40139,
BSU_40140,K16916
BSU_40150,K16917
BSU_40160,K16922
BSU_40170,
BSU_40180,
BSU_40190,K04041
BSU_40200,
BSU_40210,
BSU_40220,
BSU_40230,K00783
BSU_40239,
BSU_40240,
BSU_40250,K00148
BSU_40259,
BSU_40260,
BSU_40270,
BSU_40280,
BSU_40290,
BSU_40300,
BSU_40310,K06356
BSU_40320,K01476
BSU_40330,K02205
BSU_40340,K00819
BSU_40350,K06714
BSU_40358,
BSU_40360,K04771
BSU_40370,
BSU_40380,
BSU_40390,
BSU_40400,K07652
BSU_40410,K07668
BSU_40420,K01939
BSU_40430,
BSU_40440,K02314
BSU_40450,
BSU_40460,
BSU_40470,
BSU_40480,K03449
BSU_40490,
BSU_40500,K02939
BSU_40510,K22927
BSU_40520,
BSU_40529,
BSU_40530,K06329
BSU_40540,
BSU_40550,K15986
BSU_40560,
BSU_40570,K08194
BSU_40576,
BSU_40580,
BSU_40590,
BSU_40600,
BSU_40610,
BSU_40620,K01990
BSU_40630,
BSU_40640,
BSU_40650,
BSU_40660,K08224
BSU_40670,
BSU_40680,
BSU_40690,
BSU_40700,
BSU_40710,
BSU_40720,
BSU_40730,K07149
BSU_40740,K19273
BSU_40750,
BSU_40760,
BSU_40770,K08168
BSU_40780,
BSU_40790,
BSU_40800,
BSU_40810,
BSU_40820,K06888
BSU_40830,K07052
BSU_40840,K08369
BSU_40850,K00661
BSU_40860,K01759
BSU_40870,
BSU_40880,K01142
BSU_40890,K02963
BSU_40900,K03111
BSU_40910,K02990
BSU_40920,K06942
BSU_40930,
BSU_40939,
BSU_40940,
BSU_40950,
BSU_40960,K03497
BSU_40970,K03496
BSU_40980,
BSU_40990,K03497
BSU_41000,K03501
BSU_41010,K03495
BSU_41020,K03650
BSU_41030,K06346
BSU_41040,K03217
BSU_41050,K03536
BSU_41060,K02914