baseMean,log2FoldChange,lfcSE,stat,pvalue,padj,names
21.98652665,31.85553563,4.208531993,7.569274911,3.75E-14,1.66E-11,XM_014898152.2
10.44703408,31.64933387,4.20952722,7.518500823,5.54E-14,2.39E-11,XM_014901858.2
5.473695205,31.33143706,4.21717977,7.429476279,1.09E-13,4.41E-11,XM_014899807.2
17.63046738,31.2398051,4.207718409,7.424404884,1.13E-13,4.53E-11,XR_002961905.1
26.3096154,30.63656994,4.207984076,7.280581244,3.32E-13,1.19E-10,XM_024456519.1
31.31919831,30.09179528,4.207332518,7.152226534,8.54E-13,2.77E-10,XM_024455540.1
35.23714098,25.29159573,4.217160185,5.997304968,2.01E-09,3.23E-07,XR_002961484.1
71.92001555,23.98677933,4.206566003,5.702223455,1.18E-08,1.60E-06,XM_024461589.1
71.2820192,23.88470671,3.139867547,7.606915372,2.81E-14,1.30E-11,XM_024461746.1
40.83658658,23.48176247,3.743527276,6.272630261,3.55E-10,6.85E-08,XR_002963173.1
27.11134329,23.29138354,4.207011333,5.536325362,3.09E-08,3.72E-06,XM_024456483.1
55.24769369,23.26447146,3.097772434,7.510064719,5.91E-14,2.52E-11,XM_024461747.1
25.31193778,23.03876034,4.207092964,5.476170967,4.35E-08,4.97E-06,XR_001406350.2
37.63987986,23.02294603,3.778157906,6.093696082,1.10E-09,1.92E-07,XM_024460909.1
20.64923769,22.83097165,4.20727454,5.426546671,5.75E-08,6.22E-06,XM_014901311.2
39.24291297,22.80076364,3.140078495,7.261208176,3.84E-13,1.35E-10,XM_024462197.1
18.82123113,22.71919032,4.207360404,5.399867884,6.67E-08,7.01E-06,XM_024457632.1
39.6676518,22.63922567,4.207344836,5.380881897,7.41E-08,7.72E-06,XR_002961685.1
16.62340483,22.56516799,4.207511794,5.363067081,8.18E-08,8.28E-06,XM_014901465.2
21.07805695,22.4617052,2.99549126,7.498504667,6.45E-14,2.71E-11,XM_024455132.1
47.34314948,22.41278924,4.20752043,5.326840266,9.99E-08,9.90E-06,XM_024460367.1
32.05323438,22.19395313,4.208157546,5.274030947,1.33E-07,1.27E-05,XR_002966449.1
22.32393777,22.12844911,4.207923434,5.258757546,1.45E-07,1.37E-05,XM_010238905.3
15.34032033,22.00346571,4.207947175,5.229026124,1.70E-07,1.58E-05,XM_024462360.1
21.06653295,21.97160974,4.208121679,5.221239171,1.78E-07,1.64E-05,XR_002963615.1
12.49355167,21.95366961,3.534975781,6.210415847,5.28E-10,9.68E-08,XR_001407898.2
25.36697967,21.80744499,4.208316673,5.18198764,2.20E-07,1.97E-05,XM_024463265.1
19.91521401,21.35222879,4.20923668,5.07270805,3.92E-07,3.28E-05,XM_024454739.1
20.12837415,21.30267984,2.945614002,7.231999787,4.76E-13,1.64E-10,NM_001279920.1
9.870636483,21.17162737,4.2097889,5.029142285,4.93E-07,3.95E-05,XM_024462662.1
67.10283739,21.07392133,3.179331748,6.628412197,3.39E-11,8.05E-09,XM_014901293.2
8.459990854,20.7469907,4.21112589,4.926708734,8.36E-07,6.21E-05,XR_002962115.1
20.76386299,20.69488023,4.211044854,4.914428829,8.90E-07,6.50E-05,XM_014897244.2
14.89378861,20.43506642,4.212149823,4.851457636,1.23E-06,8.41E-05,XM_024456892.1
12.21510394,19.35229648,4.21908619,4.586845495,4.50E-06,0.000245587,XM_014903007.2
86.75784331,10.122198,2.673201146,3.786545584,0.000152756,0.004414449,XM_024455818.1
22.11248244,8.214080637,2.622561245,3.132083436,0.001735705,0.027547009,XM_014897910.2
25.56438545,8.162944327,1.763215274,4.629578955,3.66E-06,0.000207569,XM_014897158.2
42.72186492,8.005861532,2.611678597,3.065408408,0.002173729,0.032364197,XM_024459077.1
13.2850721,7.840203691,2.489745694,3.148997791,0.001638314,0.026341525,XM_014895823.2
23.48683214,7.830981577,2.591624969,3.021649224,0.002514017,0.035727797,XM_014898632.2
19.14390543,7.768920282,2.473339755,3.141064735,0.001683348,0.026854971,XM_024459433.1
13.63890096,7.390207483,2.337047906,3.162197688,0.001565832,0.02552649,XR_002960870.1
10.05396278,7.352526512,1.957387449,3.756295933,0.000172447,0.004842683,XM_003577414.4
19.85515482,7.258334801,1.721973574,4.215125546,2.50E-05,0.001039108,XR_002964732.1
18.52543775,7.21802184,2.495113783,2.892862798,0.00381748,0.048103477,XM_024459772.1
41.26995889,7.112956564,1.879843957,3.783801595,0.000154451,0.004451662,XM_024459013.1
11.27686197,7.070205151,1.593009765,4.438268557,9.07E-06,0.000443953,XM_010235695.3
46.08989769,6.865059223,1.766072673,3.887189541,0.000101412,0.003210714,XR_002961683.1
25.33658377,6.72780709,1.645505229,4.088596604,4.34E-05,0.001623136,XR_002960867.1
8.853123322,6.58335052,2.2209536,2.964199937,0.00303471,0.041001207,XM_014901237.2
27.95959068,6.536288588,1.444340893,4.525447296,6.03E-06,0.000313085,XM_010232590.3
11.49938339,6.486730135,1.898701191,3.41640389,0.000634541,0.012923256,XM_010235763.3
7.728089364,6.407994276,1.958598586,3.271724141,0.001068938,0.019127754,XM_024455080.1
236.3629277,6.113508622,1.366569901,4.473615743,7.69E-06,0.000386306,XM_010235870.3
12.49019759,6.097057384,2.056924816,2.964161518,0.003035089,0.041001207,XM_010234139.3
13.65164066,6.044090378,1.94244857,3.111583221,0.00186087,0.028865308,XM_024460359.1
11.58284586,5.671709023,1.818435872,3.119004145,0.001814634,0.028438479,XR_001406042.2
5.694512664,5.551679146,1.693132128,3.278940287,0.001041977,0.018747581,XM_010240041.3
15.80479412,5.311288438,1.590453362,3.339480782,0.000839352,0.015824159,XM_014898335.2
7.204757354,5.276192603,1.705047767,3.094454422,0.001971752,0.030150804,XR_002963184.1
7.528350547,5.243998849,1.504438404,3.485685313,0.000490878,0.01064164,XM_024458420.1
28.07776726,5.150609244,1.097191592,4.694357193,2.67E-06,0.000160664,XM_003572945.4
5.854771651,5.130355337,1.642954071,3.122640753,0.001792364,0.028209948,XR_731790.3
10.05385368,5.002196164,1.517062035,3.297291771,0.00097622,0.017888283,XM_010241432.3
11.51887669,4.928411652,1.123374404,4.387149674,1.15E-05,0.00054752,XM_024456423.1
10.55090958,4.667912286,1.244973024,3.749408377,0.000177252,0.004947977,XM_024459487.1
8.085009991,4.665742452,1.32238711,3.528272786,0.000418281,0.009481418,XR_732787.3
6.542003301,4.64087001,1.205548939,3.849590722,0.000118315,0.003623477,XM_003577417.4
9.598881416,4.522318254,1.285420436,3.518162717,0.000434546,0.009760738,XM_024454703.1
5.622208731,4.432906563,1.28755947,3.442875195,0.000575565,0.011993982,XM_003563223.4
24.71573785,4.27838456,1.118139822,3.826341282,0.000130062,0.003920985,XM_024460740.1
8.315954483,4.265871538,1.115408389,3.824492964,0.000131041,0.003945964,XM_024457846.1
36.25951789,4.005840905,1.287423544,3.111517515,0.001861284,0.028865308,XM_024459818.1
18.69817387,3.536178183,1.209991827,2.922481049,0.003472548,0.045073035,XM_003573223.4
77.7921269,3.504277138,0.735188675,4.766500431,1.87E-06,0.00011962,XM_003557452.4
15.1769806,3.400420602,1.120097553,3.035825401,0.002398782,0.034554264,XR_001404788.2
22.10059334,3.321143464,0.578069423,5.745232889,9.18E-09,1.28E-06,XM_024456851.1
229.4154876,3.281610854,0.380446546,8.625681825,6.37E-18,5.22E-15,XM_010234198.3
19.57068467,3.272209636,0.928684241,3.523490001,0.000425903,0.009627584,XM_024456870.1
27.9607285,3.250070559,1.039691451,3.125995272,0.001772044,0.027964511,XM_010237596.3
6.745904805,3.208104147,1.064640945,3.013320277,0.00258406,0.036541322,XM_014900715.2
907.4374114,3.191531836,0.337833186,9.447064303,3.48E-21,4.23E-18,XM_003579577.3
47.61076591,3.186239987,0.671969252,4.741645514,2.12E-06,0.000132191,XM_024454894.1
127.4600836,3.143184997,0.683869962,4.596173504,4.30E-06,0.000238421,XM_003561476.4
28.82431206,2.973886634,0.80012637,3.716771183,0.000201785,0.005451853,XM_003558692.4
43922.28849,2.915552089,0.809547715,3.601457993,0.000316438,0.007700668,XR_002963593.1
259.6408347,2.85286684,0.302270138,9.438136565,3.79E-21,4.45E-18,NR_126928.1
23.09807495,2.838131758,0.734530699,3.863870854,0.000111604,0.003469781,XM_024454881.1
59.52766642,2.791192566,0.957149869,2.916149975,0.003543801,0.0456367,XM_010239990.3
68.4584818,2.777821273,0.570889337,4.865778867,1.14E-06,7.92E-05,XM_003563301.4
1312.186258,2.741408268,0.515364911,5.319353747,1.04E-07,1.03E-05,XM_024456786.1
70829.45814,2.703956438,0.756158135,3.575913971,0.000349006,0.00825336,XR_002964634.1
11.28978037,2.691008954,0.93251959,2.885739864,0.003904948,0.04890798,XM_010233167.3
31.42158134,2.651051732,0.701521668,3.779001921,0.000157458,0.004518486,XM_014899631.2
701.2030513,2.632035823,0.616503036,4.269299046,1.96E-05,0.000855278,XM_003557451.2
52.80155518,2.603085507,0.878669458,2.962530997,0.003051211,0.041123298,XM_024463354.1
1640.819055,2.590732917,0.651522274,3.976430307,7.00E-05,0.002374871,XM_014895787.2
473.1242636,2.323569445,0.151944622,15.29221252,8.62E-53,4.04E-49,XM_003564552.3
608.4193701,2.319112367,0.466494507,4.971360508,6.65E-07,5.12E-05,XM_003574264.4
15.51340818,2.308483627,0.656248331,3.517698283,0.000435307,0.009760738,XM_024462490.1
2851.415939,2.305878938,0.257533392,8.953708564,3.44E-19,3.32E-16,XM_010236080.3
49.36639636,2.286927507,0.726309489,3.148695618,0.001640009,0.026355855,XM_003558192.4
17.90863129,2.280487709,0.626439424,3.640396217,0.000272219,0.006831505,XM_024455656.1
27.79209909,2.243203042,0.656953101,3.414555834,0.000638861,0.012991097,XM_010230719.3
863.8065955,2.217304157,0.44529918,4.97935828,6.38E-07,4.95E-05,XM_003574762.4
650.1537389,2.190248696,0.46538111,4.706354965,2.52E-06,0.000152333,XM_010240503.3
1831.022603,2.15988054,0.366075797,5.900091063,3.63E-09,5.54E-07,XM_003567010.4
241.0833519,2.156286244,0.600620315,3.590098753,0.000330553,0.00797802,XM_010236775.3
15.47463062,2.153050236,0.419532051,5.132028009,2.87E-07,2.51E-05,XM_010240478.3
939.7164296,2.125121315,0.69845847,3.042587938,0.002345533,0.034056429,XM_010235090.3
16.31660198,2.124913295,0.430267287,4.938589006,7.87E-07,5.90E-05,XM_010229348.3
564.9670543,2.114096701,0.702939117,3.007510392,0.002633971,0.0368419,XM_003561473.3
218.7792167,2.097205315,0.541271547,3.874589987,0.000106804,0.003344817,XM_010239460.3
1165.043028,2.079375385,0.442501382,4.699138739,2.61E-06,0.000157236,XM_003573421.4
1026.245894,2.071565888,0.671853555,3.083359271,0.002046779,0.031066334,XM_024461473.1
949.8932956,2.069793363,0.279406041,7.407833267,1.28E-13,5.07E-11,XM_010241982.3
4002.656195,2.068342704,0.447450019,4.622511154,3.79E-06,0.000213663,XM_003577465.4
17.80930735,2.052817584,0.627249132,3.27273085,0.001065139,0.019080581,XM_003560597.3
10.27207094,1.998851229,0.595771266,3.355064842,0.000793464,0.015096064,XM_024456281.1
58475.70833,1.978407307,0.474078076,4.173167683,3.00E-05,0.001205987,XM_003572554.4
1501.190969,1.957009396,0.317237896,6.168901699,6.88E-10,1.24E-07,XM_003565031.4
889.6711113,1.941004282,0.327435975,5.927889515,3.07E-09,4.77E-07,XM_010236081.3
463.9765511,1.938080889,0.154824045,12.51795794,5.95E-36,1.50E-32,XM_010241166.3
196.2601736,1.898208487,0.2752466,6.896392146,5.33E-12,1.48E-09,XM_010237692.3
5.791825019,1.892504746,0.498679033,3.795035725,0.000147622,0.004311672,XM_003559939.4
10.31038531,1.872658636,0.385395188,4.859060759,1.18E-06,8.14E-05,XR_732499.3
108.4117369,1.850634895,0.413674888,4.473645726,7.69E-06,0.000386306,XM_003567430.4
299.6602914,1.844625396,0.400217533,4.60905694,4.04E-06,0.000226024,XM_003570553.4
58.87460889,1.842998928,0.564075017,3.267294016,0.001085808,0.019358274,XM_003563667.4
25.78906178,1.832845148,0.285251724,6.425360451,1.32E-10,2.71E-08,XM_003563806.4
35.0542985,1.805157543,0.374685913,4.817788657,1.45E-06,9.72E-05,XM_003561518.4
387.6043787,1.804930374,0.274130651,6.584197609,4.57E-11,1.06E-08,XM_003567310.4
109.8968988,1.803484839,0.441762936,4.082472054,4.46E-05,0.001657096,XM_003561041.4
19.55277499,1.798574322,0.352759932,5.098578833,3.42E-07,2.91E-05,XM_014901636.2
473.4797479,1.798458344,0.565550796,3.180012048,0.001472689,0.024334614,XM_014901217.2
16.06022819,1.796097317,0.519869508,3.454900293,0.000550496,0.011589397,XM_003568996.4
88.1279194,1.746643638,0.5820979,3.000601167,0.002694472,0.03750873,XM_024455702.1
1396.321148,1.727438611,0.409330852,4.220152481,2.44E-05,0.001024002,XM_003560815.4
117.7181556,1.720445843,0.266478788,6.456220609,1.07E-10,2.27E-08,XM_003567042.4
25.7369535,1.71900097,0.47436052,3.623828071,0.000290275,0.007212884,XM_003573869.4
119.5818501,1.717687479,0.407694463,4.213173432,2.52E-05,0.001044158,XM_003572785.4
214.3649299,1.698623282,0.503442831,3.374014243,0.000740805,0.014428988,XM_003564319.4
941.2845543,1.674978427,0.264708932,6.327623371,2.49E-10,4.93E-08,XM_003575268.4
7.786913586,1.666983146,0.418513252,3.983107196,6.80E-05,0.002322908,XR_002963973.1
825.2221704,1.665906577,0.382529088,4.35498013,1.33E-05,0.000621794,XM_003562226.4
47.74441474,1.66279902,0.345280578,4.815790768,1.47E-06,9.79E-05,XR_002963064.1
563.5890804,1.644473173,0.208666758,7.880858393,3.25E-15,1.81E-12,XM_003563189.4
18.67847931,1.638792816,0.431898983,3.79438915,0.000148007,0.004315238,XM_010235532.3
2344.160881,1.635859332,0.39013144,4.193097923,2.75E-05,0.001121192,XM_010231045.3
2759.572484,1.633679717,0.373650622,4.372211955,1.23E-05,0.000580461,XM_024463178.1
210.2284922,1.629316648,0.327923401,4.968589144,6.74E-07,5.18E-05,XM_003572043.3
1147.063266,1.617659802,0.305216105,5.300047334,1.16E-07,1.12E-05,XM_003580620.4
275.6634478,1.607213077,0.35043503,4.586336808,4.51E-06,0.000245777,XM_003571449.4
192.6412834,1.602724867,0.298593204,5.367586551,7.98E-08,8.13E-06,XM_003576020.4
85.88250139,1.597560958,0.413783512,3.86086181,0.000112988,0.003496226,XM_003570763.3
120.912393,1.597373371,0.404090531,3.953008663,7.72E-05,0.00256727,XM_003559897.4
68.79259917,1.594647811,0.418181742,3.813288936,0.00013713,0.004074141,XM_003563503.4
281.3014276,1.589434128,0.306250639,5.189978154,2.10E-07,1.91E-05,XM_003564458.4
838.9143741,1.588736369,0.509621171,3.117485028,0.001824012,0.028516491,XM_003563896.4
24.07257496,1.587311936,0.428250923,3.706499746,0.000210143,0.005594728,NR_127114.1
135.9679005,1.582005431,0.240006284,6.591516708,4.35E-11,1.01E-08,XM_010235854.3
242.6518098,1.579996708,0.388581856,4.066058882,4.78E-05,0.001752321,XM_010238048.1
35.30012255,1.559743894,0.453214179,3.441516099,0.000578464,0.012023841,XM_003560146.3
94.27504729,1.555584145,0.490309564,3.172657151,0.001510508,0.024846869,XM_014899752.2
145.4680939,1.549027885,0.388912436,3.98297339,6.81E-05,0.002322908,XM_024462474.1
22809.41106,1.545410292,0.382456201,4.040751037,5.33E-05,0.001907853,XM_003577831.4
241.93175,1.539877271,0.420132982,3.665213965,0.000247132,0.006327811,XM_010235813.2
67.54148399,1.538884694,0.417290637,3.687800681,0.000226201,0.005926025,XM_024459131.1
63.38755505,1.538883232,0.286623875,5.368998773,7.92E-08,8.09E-06,XM_003576347.4
579.7254839,1.538155531,0.282323995,5.448192702,5.09E-08,5.66E-06,XM_003577569.4
37.4405336,1.534490336,0.416426734,3.684898715,0.000228794,0.005972611,XR_001405967.2
2596.403435,1.526011902,0.206061446,7.40561581,1.31E-13,5.10E-11,XM_003557827.4
60.13977261,1.523352071,0.455241803,3.346248217,0.00081913,0.015503393,XR_729546.3
279.3101986,1.523047044,0.391924583,3.886071737,0.000101879,0.003219311,XM_003579692.4
270.6910512,1.50862842,0.363594365,4.149207368,3.34E-05,0.001313687,XM_003558550.4
373.8859872,1.504459942,0.311934937,4.822992757,1.41E-06,9.51E-05,XR_002966458.1
18.32254995,1.503092305,0.416489711,3.608954234,0.000307434,0.007553442,XM_014895767.2
72.02363076,1.500219184,0.450943736,3.326843382,0.000878357,0.016378691,XM_024461626.1
3860.188614,1.499855173,0.426228802,3.518896809,0.000433345,0.009748782,XM_003557447.4
5.664010778,1.499225538,0.47034739,3.187485612,0.001435156,0.023822397,XM_024454603.1
32.57679522,1.49079467,0.386582145,3.856346417,0.000115094,0.003551359,XM_024456776.1
10.99169035,1.488426551,0.446155307,3.336117553,0.000849572,0.015950757,XM_010233667.2
60.84924042,1.476450953,0.427516599,3.453552343,0.000553255,0.011632539,XM_010233442.3
139.5544524,1.47583594,0.311165706,4.742926073,2.11E-06,0.000131608,XM_010236403.3
36.10004842,1.473122196,0.307639633,4.788466881,1.68E-06,0.000109243,XM_003566232.4
714.3389027,1.470004591,0.493216079,2.980447423,0.002878276,0.039369252,XM_003561547.3
25.79059195,1.469553431,0.419621759,3.502090628,0.000461623,0.010182394,XM_024455307.1
459.9427783,1.46717443,0.31303585,4.686921426,2.77E-06,0.000165099,XM_003559193.4
139.8107095,1.435993279,0.297937374,4.819782291,1.44E-06,9.64E-05,XM_003567176.4
416.1021947,1.432863696,0.388297947,3.690114011,0.000224154,0.00588179,XM_003557708.4
92.85120262,1.421723176,0.476284936,2.985026541,0.002835537,0.038979723,XM_010236898.3
72.70470097,1.416258674,0.322590139,4.390272679,1.13E-05,0.000541289,XM_024461364.1
13.832679,1.414000015,0.34291091,4.12352006,3.73E-05,0.001439517,XM_003581468.4
1521.668081,1.406338283,0.195674642,7.18712587,6.62E-13,2.19E-10,XM_003579755.4
8361.89997,1.38535972,0.376828784,3.676363855,0.000236582,0.006105343,XM_010237761.3
66.14529588,1.384308446,0.308319831,4.489845633,7.13E-06,0.000360218,XM_010229248.3
1020.282813,1.381657449,0.363438067,3.801631071,0.000143747,0.004217254,XM_003568468.3
19.08510024,1.376987576,0.375592745,3.666171923,0.000246208,0.006314024,XR_002964434.1
1042.781366,1.374342611,0.172592544,7.962931554,1.68E-15,1.04E-12,XM_003577804.4
1441.186129,1.373453856,0.412774354,3.327372069,0.000876692,0.016356944,XM_003564440.4
5657.791706,1.369422426,0.205523073,6.663107964,2.68E-11,6.51E-09,XM_003580102.4
37.390313,1.368788154,0.45508927,3.007735502,0.002632021,0.036830329,XM_003563659.4
47.10170972,1.365052981,0.366576207,3.723790455,0.000196254,0.005350894,NM_001301393.1
54.19110076,1.362927234,0.342966747,3.973934052,7.07E-05,0.002392983,XR_732552.3
1453.302704,1.347507817,0.432075984,3.118682517,0.001816616,0.028441528,XM_003580615.4
117.4401763,1.347108616,0.342304839,3.935406287,8.31E-05,0.002722858,XM_010239284.3
200.0908538,1.343893127,0.423808098,3.170994451,0.00151918,0.024964488,XM_003578950.4
509.3815472,1.321738229,0.332794835,3.971630832,7.14E-05,0.002413751,XM_010239798.3
70.7015096,1.305358023,0.245835915,5.309875172,1.10E-07,1.07E-05,XM_003567431.4
142.5721326,1.300782704,0.44369618,2.931696871,0.003371156,0.044278353,XM_024463287.1
173.5480545,1.29627903,0.252489771,5.133986315,2.84E-07,2.49E-05,XM_024460296.1
115.682822,1.295744369,0.259658736,4.990182068,6.03E-07,4.72E-05,XR_002960411.1
575.8077735,1.285451589,0.242361982,5.30384997,1.13E-07,1.10E-05,XM_003558384.4
113.7280239,1.280683899,0.347494575,3.685478829,0.000228273,0.005966021,XM_010234160.2
220.970114,1.280373076,0.419887355,3.049325158,0.002293561,0.033501558,XM_010232231.3
52.62310142,1.277187171,0.440270831,2.900912533,0.003720777,0.047193152,XM_003576959.1
708.9858288,1.276947929,0.346030599,3.690274595,0.000224012,0.00588179,XM_003570105.4
261.2438309,1.275701734,0.42456075,3.004756647,0.002657934,0.037129574,XM_010232619.3
143.3922636,1.275272301,0.4188587,3.044636059,0.00232962,0.033886852,XM_003560197.3
1165.743351,1.272771253,0.256777091,4.956716543,7.17E-07,5.46E-05,XM_003575624.4
87.81733816,1.271053973,0.157998719,8.044710597,8.64E-16,5.53E-13,XM_010232595.3
96.50273343,1.266550508,0.210654412,6.012456586,1.83E-09,2.97E-07,XM_010235928.3
67.38695581,1.264664891,0.217983363,5.801657858,6.57E-09,9.49E-07,XM_003578562.4
1071.669018,1.264434906,0.254871304,4.961072069,7.01E-07,5.35E-05,XM_003577677.4
603.4715988,1.261728872,0.249975668,5.047406745,4.48E-07,3.65E-05,XM_014899750.2
71.32576479,1.25493387,0.402717072,3.116167543,0.001832181,0.028576106,XM_003572419.4
567.0820865,1.252571702,0.19323742,6.482034901,9.05E-11,1.98E-08,XM_003571470.4
96.35238147,1.250719053,0.417242704,2.997581601,0.00272131,0.037821596,XM_010239520.3
23.67693664,1.249977463,0.419391308,2.980456293,0.002878193,0.039369252,XM_024456199.1
483.274344,1.249660366,0.366986275,3.405196464,0.000661165,0.013353573,XM_003557685.4
88.0105726,1.249484272,0.375901742,3.323965103,0.000887473,0.016511126,XM_024461223.1
2686.004696,1.237969063,0.39844939,3.106966889,0.001890176,0.029121153,XM_003573412.4
2037.46924,1.2342903,0.238122953,5.18341589,2.18E-07,1.96E-05,XM_024459674.1
526.3529975,1.223536935,0.28050989,4.361831722,1.29E-05,0.000604354,XM_010235674.3
682.7161389,1.223518851,0.226315118,5.406262139,6.44E-08,6.85E-06,XM_010235816.2
105.9379009,1.21861961,0.360490185,3.380451564,0.000723668,0.014214506,XR_002964039.1
456.7236123,1.216862766,0.300357165,4.051385844,5.09E-05,0.001841254,XR_002965048.1
39.1781282,1.215284555,0.321126164,3.784445783,0.000154051,0.004444053,XM_003574682.4
316.5556717,1.212187417,0.420438247,2.883152107,0.003937173,0.049195911,XM_010240444.3
3528.782344,1.209667025,0.244256143,4.952452835,7.33E-07,5.56E-05,XM_003575362.4
866.2121244,1.208796851,0.27847687,4.340744174,1.42E-05,0.000656004,XM_003569748.4
22.44928113,1.207964459,0.343399697,3.517663145,0.000435365,0.009760738,XR_001406077.2
347.7958403,1.203584423,0.392190988,3.068873226,0.002148677,0.032093179,XM_010235489.3
386.8797677,1.199086358,0.213376288,5.619585794,1.91E-08,2.44E-06,XM_003560336.4
26.08877673,1.192978641,0.396242621,3.010727714,0.002606224,0.036672742,XR_002960712.1
9118.075485,1.191519297,0.352934292,3.376037196,0.00073538,0.014353393,XM_003580736.4
50.7491758,1.190738628,0.195694417,6.084683711,1.17E-09,2.01E-07,XR_002962800.1
2737.678864,1.18903206,0.181440063,6.553304919,5.63E-11,1.28E-08,XM_003579578.4
96.12041149,1.185516611,0.363262064,3.263529911,0.001100336,0.019508654,XM_003563948.4
262.2169738,1.18468909,0.3477767,3.406464804,0.0006581,0.013299872,XM_003571951.4
17.11435545,1.184159911,0.364370953,3.249874618,0.001154559,0.020240265,XM_014901112.2
16.77357483,1.18376336,0.215864869,5.483816646,4.16E-08,4.81E-06,XM_003560458.3
10340.0112,1.179945649,0.293601206,4.018871939,5.85E-05,0.002049209,XM_003558767.4
3229.828139,1.177903129,0.24781886,4.753081053,2.00E-06,0.000126368,XM_003559469.4
288.2943919,1.175453804,0.246311915,4.77221658,1.82E-06,0.000116728,XM_024459129.1
19.24369418,1.169298279,0.33314651,3.509862011,0.000448339,0.009986768,XM_010232210.3
196.437524,1.163027263,0.328699692,3.538266963,0.000402763,0.009244656,XM_003580552.4
462.7708698,1.162262541,0.263824923,4.405431178,1.06E-05,0.000507001,XM_003580730.4
180.0111943,1.162236374,0.340088852,3.417449201,0.000632109,0.012893764,XM_003581151.3
10.97284541,1.161443426,0.322042276,3.606493653,0.000310362,0.007597447,XM_003565798.4
63.06345992,1.15766783,0.279529488,4.141487322,3.45E-05,0.00135221,XM_024459629.1
34.15509471,1.157237047,0.270083901,4.284731672,1.83E-05,0.000812,XM_024461348.1
199.0967404,1.156654021,0.332427654,3.479415768,0.000502508,0.010829351,XM_014900320.2
222.1798716,1.155387826,0.248695219,4.645798297,3.39E-06,0.000194432,XM_010237819.3
467.8190776,1.152410068,0.24654269,4.674282039,2.95E-06,0.000174333,XM_003561364.4
163.590182,1.145640292,0.242836525,4.717742893,2.38E-06,0.000145933,XM_024460280.1
7.563009502,1.139355121,0.383665307,2.969658971,0.002981305,0.04050305,XM_003581433.4
174.7124238,1.136520764,0.394374476,2.881831443,0.003953712,0.049346174,XM_003560851.4
185.1008791,1.131211724,0.317094949,3.567422718,0.00036051,0.008470427,XM_003562861.4
735.8471101,1.129737407,0.20513833,5.507198025,3.65E-08,4.29E-06,XM_010234375.3
287.4987833,1.117211572,0.276999798,4.033257718,5.50E-05,0.001952697,XM_003571955.3
8.394529388,1.116947631,0.360349019,3.099627229,0.001937643,0.029713699,XM_024459966.1
202.5532937,1.11545999,0.360803317,3.091601256,0.001990801,0.030385418,XM_003568708.4
66.61486671,1.106460804,0.304368951,3.635261747,0.000277699,0.006947759,XM_003560630.4
3697.362849,1.104379267,0.305081444,3.619948991,0.000294661,0.007299761,XM_003564729.4
57.72266961,1.093899812,0.334134451,3.273831267,0.001060999,0.019027218,XR_002962058.1
196.6224639,1.089341902,0.170188739,6.400787183,1.55E-10,3.15E-08,XM_003580335.4
7091.352771,1.087737014,0.254002999,4.282378628,1.85E-05,0.000815449,XM_010235338.3
1885.077731,1.086842834,0.159574638,6.810874526,9.70E-12,2.49E-09,XM_003574696.4
87.20199341,1.085240946,0.287925496,3.769172796,0.000163789,0.004659406,XM_010235814.3
9493.373046,1.080600959,0.261906975,4.125896078,3.69E-05,0.001428401,XM_010239230.3
2890.067897,1.078938392,0.320204961,3.36952428,0.000752981,0.014570951,XM_003565132.3
932.015496,1.077792893,0.242479544,4.44488173,8.79E-06,0.000431802,XM_003569053.4
126.4792984,1.077286239,0.299782687,3.593557219,0.000326194,0.007890238,XM_003565688.4
40.82146038,1.076040703,0.323077793,3.330593213,0.000866611,0.016224232,XM_003579861.4
857.0184196,1.072451135,0.191325485,5.605375225,2.08E-08,2.63E-06,XM_003581637.4
245.4661857,1.063948354,0.192945672,5.51423799,3.50E-08,4.15E-06,XM_003576593.4
1029.138763,1.062554568,0.150295648,7.069762701,1.55E-12,4.76E-10,XM_010230248.3
609.5346806,1.05954318,0.311886441,3.397208221,0.000680771,0.013623736,XM_003569265.4
77.46576911,1.057810512,0.305450476,3.463116261,0.000533958,0.011339202,XM_014897046.2
40.59896872,1.045024133,0.309013116,3.381811577,0.000720095,0.01416864,XR_002962974.1
44.07866869,1.043662291,0.314020881,3.323544237,0.000888813,0.016523633,XR_002966463.1
292.572114,1.043233108,0.27376604,3.810673922,0.000138588,0.004110038,XM_003569226.4
77.37377017,1.041882115,0.344750494,3.022133785,0.002509996,0.035710657,XM_003563757.3
995.4674964,1.036982526,0.139003846,7.460099543,8.65E-14,3.59E-11,XM_003565574.4
103.4399022,1.036540295,0.211183647,4.908241281,9.19E-07,6.65E-05,XM_024461667.1
14289.94296,1.033811073,0.25869992,3.99617855,6.44E-05,0.002227449,XR_732096.3
5087.929401,1.033301439,0.27020785,3.824098516,0.000131251,0.003945964,XM_024456192.1
41231.62636,1.032447537,0.247037803,4.179309903,2.92E-05,0.001181103,XM_003568587.4
28.60697714,1.031353488,0.356414776,2.893688923,0.003807452,0.048052792,XM_003567124.4
780.6123206,1.026880659,0.13159783,7.803173194,6.04E-15,3.09E-12,XM_003563673.4
973.6177483,1.021128674,0.209087689,4.883734084,1.04E-06,7.36E-05,XM_003568473.4
43.33012665,1.019175954,0.258787797,3.938268986,8.21E-05,0.002700047,XM_024461323.1
330.8478281,1.019109784,0.27330447,3.728844187,0.00019236,0.005271019,XM_003564624.4
723.5025994,1.015428932,0.333201877,3.047488636,0.002307623,0.033669937,XM_014896530.2
1164.316561,1.015084147,0.277308199,3.66049093,0.000251732,0.006410578,XM_010233078.3
162.878865,1.011020282,0.309251761,3.269246644,0.001078343,0.019254021,XM_010240002.2
1191.667229,1.007684738,0.312288171,3.226778445,0.001251924,0.021532823,XM_003558228.4
515.0347274,1.007471798,0.227653602,4.425459514,9.62E-06,0.00046695,XR_002965896.1
1146.050369,1.005471172,0.313794593,3.204233575,0.001354226,0.0227973,XM_003581570.4
37.81482641,1.004165164,0.340176191,2.951897249,0.00315828,0.042142541,XM_014896939.2
321.9744607,1.00160358,0.176314805,5.680768426,1.34E-08,1.79E-06,XM_010233811.2
29.07982184,1.000403684,0.297565978,3.361955863,0.000773925,0.014801596,XM_024454822.1
454.0637963,-1.000302955,0.210129551,-4.760410659,1.93E-06,0.000122571,XM_014897571.2
712.3402124,-1.002575711,0.163756163,-6.122369339,9.22E-10,1.62E-07,XM_003580645.4
52.20971703,-1.004344718,0.310175416,-3.237989426,0.001203753,0.020912653,XM_010237219.3
7511.625701,-1.004642912,0.32544525,-3.0869798,0.002022013,0.030781435,XM_003574375.4
404.595997,-1.004742274,0.292012425,-3.44075179,0.0005801,0.012050218,XM_003570144.4
379.2870527,-1.006764062,0.223297761,-4.508616905,6.53E-06,0.000335463,XM_003568669.4
466.3394579,-1.00879977,0.190403221,-5.298228481,1.17E-07,1.12E-05,XM_014900260.2
442.5412924,-1.009972113,0.299857201,-3.368176951,0.00075667,0.014619168,XM_010233230.3
22.34576195,-1.015640754,0.324785829,-3.127109202,0.001765343,0.027883732,XM_014900256.2
228.4090843,-1.015800407,0.299300977,-3.393909426,0.000689025,0.013769893,XM_024457195.1
1764.724287,-1.018389497,0.343076369,-2.968404674,0.002993499,0.040589822,XM_010231174.3
264.4689951,-1.01939827,0.287064095,-3.551117293,0.000383599,0.008885636,XM_003571935.4
42.13140199,-1.019980325,0.271761398,-3.753220042,0.000174577,0.004889959,XM_003557302.4
74.10432415,-1.020140624,0.313228508,-3.256857531,0.00112653,0.019887067,XM_003571731.4
295.1432111,-1.021070329,0.306346839,-3.333053253,0.000858985,0.016090638,XM_003562689.4
751.1737777,-1.021795182,0.283187676,-3.608190849,0.00030834,0.007570015,XM_014901620.2
161.173128,-1.022321649,0.325228491,-3.143395116,0.001670003,0.0267592,XM_003575109.4
224.6112288,-1.023714973,0.302238979,-3.387104391,0.000706345,0.01396511,XM_010239134.3
1821.378014,-1.02422526,0.164788294,-6.215400609,5.12E-10,9.43E-08,XM_003579545.4
256.1331588,-1.025116818,0.337393049,-3.038345993,0.002378807,0.034374861,XM_010236429.3
45.3270245,-1.025452881,0.302527874,-3.389614541,0.00069991,0.013913355,XM_003577416.4
29.99142854,-1.026989501,0.340478717,-3.01631042,0.002558712,0.036237367,XM_014902576.2
1172.860529,-1.027240822,0.285435347,-3.598856383,0.00031962,0.007742632,XM_003579529.4
264.919185,-1.027882627,0.336098179,-3.058280859,0.002226108,0.032890249,XM_014899962.2
1249.801446,-1.028094842,0.074529459,-13.79447619,2.75E-43,9.02E-40,XM_010232424.3
85.38479144,-1.028828354,0.272291396,-3.778409336,0.000157833,0.00452529,XM_003563856.4
165.6866547,-1.02906491,0.23362459,-4.404779944,1.06E-05,0.000507783,XM_010239550.3
202.3052847,-1.029532597,0.274829718,-3.746074491,0.000179623,0.004980256,XM_010236424.3
67.61241456,-1.031022733,0.242519072,-4.251305785,2.13E-05,0.000910041,XM_003579090.4
94.34663066,-1.031943899,0.343720682,-3.002274677,0.002679703,0.037354121,XM_003578723.4
492.0938021,-1.032930739,0.115151192,-8.970213183,2.96E-19,2.94E-16,XR_731775.3
1055.589369,-1.033766023,0.334662331,-3.08898232,0.002008434,0.030611818,XM_003573822.4
309.48555,-1.034723039,0.249148293,-4.153040846,3.28E-05,0.001296533,XM_003560066.4
112.7110937,-1.03507601,0.314722001,-3.288858126,0.001005947,0.018259583,XM_024459495.1
569.2560316,-1.035299283,0.160232764,-6.461220888,1.04E-10,2.21E-08,XM_010232743.3
180.7445567,-1.037121403,0.320761949,-3.233305593,0.001223666,0.021157745,XM_003561429.3
97.5497502,-1.037917976,0.227852561,-4.55521751,5.23E-06,0.000277297,XM_024458270.1
59.63670614,-1.038092118,0.352699053,-2.943280143,0.003247544,0.042968714,XM_003577055.4
199.0855776,-1.03865818,0.34132635,-3.043006147,0.002342275,0.034024197,XM_003561779.4
19.50411698,-1.041101181,0.334671839,-3.110812029,0.001865737,0.028893372,XM_003573582.4
23.95868208,-1.041391892,0.321894559,-3.235195693,0.001215594,0.021072172,XM_003568415.4
24.56934684,-1.042777328,0.358724504,-2.906902971,0.003650264,0.046660288,XM_003557266.4
85.60462884,-1.043647838,0.35255508,-2.960240535,0.003073989,0.041305551,XR_002963520.1
75.79902893,-1.04399912,0.28422793,-3.673105309,0.000239621,0.006154705,XR_001405034.2
381.1211828,-1.049386708,0.144546011,-7.259880114,3.87E-13,1.35E-10,XM_003569940.4
82.84529845,-1.050391475,0.279828288,-3.753700103,0.000174243,0.00488477,XM_003570854.4
227.6037186,-1.050614968,0.197395248,-5.322392403,1.02E-07,1.01E-05,XM_003570602.4
222.4527249,-1.05196471,0.195695774,-5.375510623,7.64E-08,7.88E-06,XM_003567443.4
402.8162544,-1.052564786,0.35307958,-2.981097876,0.00287217,0.039351366,XM_003575646.4
2159.460716,-1.052748199,0.344195932,-3.058572466,0.002223943,0.032887883,XM_003558709.4
277.5533549,-1.054403712,0.237121096,-4.446688758,8.72E-06,0.000430119,XM_024460689.1
496.3070082,-1.055084918,0.30231457,-3.490023381,0.000482978,0.010523839,XM_003564621.4
460.3912974,-1.057917383,0.273996074,-3.861067666,0.000112893,0.003496226,XM_010235903.3
3204.186361,-1.058304629,0.304370051,-3.47703273,0.000506996,0.010911723,XM_024462372.1
378.6178158,-1.058774667,0.359272494,-2.946996177,0.003208772,0.042626642,XM_024461250.1
808.9029118,-1.05880804,0.221674224,-4.776414785,1.78E-06,0.000114542,XM_003562336.4
121.388109,-1.058965569,0.322835194,-3.28020485,0.001037317,0.018694511,XM_003577637.4
367.147583,-1.059119155,0.284675584,-3.720442544,0.000198874,0.00539989,XM_003559756.4
203.377653,-1.06355098,0.146045519,-7.282325304,3.28E-13,1.18E-10,XM_003569809.4
556.9890729,-1.064526388,0.350727939,-3.035191296,0.002403832,0.034581438,XM_024456112.1
238.0208996,-1.064786651,0.370005499,-2.877758988,0.00400511,0.049798184,XM_003570562.4
177.1295624,-1.065928211,0.353115022,-3.018643058,0.002539095,0.036006188,XM_010235893.3
249.9583141,-1.066695887,0.331270778,-3.220012016,0.001281852,0.021921144,XM_003568892.4
166.9987425,-1.07061182,0.356675748,-3.001638955,0.002685305,0.037416308,XM_003563172.4
957.534203,-1.072698418,0.289142457,-3.709930497,0.000207316,0.005546468,XM_003574795.4
182.3887687,-1.074279015,0.131470981,-8.171225388,3.05E-16,2.04E-13,XM_024462537.1
104.5511965,-1.075947436,0.299892264,-3.587779897,0.000333506,0.008025668,XM_003560472.3
133.6986948,-1.076240621,0.337167458,-3.192006215,0.001412883,0.023548049,XM_014899425.2
185.9978961,-1.078133737,0.351135907,-3.070417223,0.002137599,0.032000574,XM_003563302.4
1708.604265,-1.078444148,0.301242027,-3.579992335,0.000343604,0.008159237,XM_003559888.4
159.9906819,-1.082195908,0.332073222,-3.258907478,0.001118421,0.019786527,XM_024461622.1
549.2607031,-1.082282231,0.168101192,-6.438278141,1.21E-10,2.52E-08,XM_003571732.3
2667.425315,-1.087770191,0.229016932,-4.749736971,2.04E-06,0.000127984,NM_001279907.1
31.4298302,-1.088057298,0.353620296,-3.076908509,0.002091595,0.031519225,XM_003570007.4
1615.905976,-1.088403918,0.342262705,-3.180024883,0.001472624,0.024334614,XM_003568413.4
137.5997269,-1.089278011,0.361741889,-3.011202307,0.002602154,0.036672742,XM_010233846.3
384.5975924,-1.090154879,0.226558033,-4.811812961,1.50E-06,9.95E-05,XM_003563741.4
289.4168046,-1.094066123,0.239297808,-4.571985562,4.83E-06,0.000260633,XM_003575045.4
941.9029472,-1.094883712,0.370369171,-2.956195598,0.003114595,0.041725097,XM_003579035.4
199.6350396,-1.096063348,0.207053183,-5.293631975,1.20E-07,1.15E-05,XM_024458623.1
90.870513,-1.09767876,0.333417641,-3.292203612,0.000994056,0.01811556,XM_003576912.4
148.1898204,-1.097768825,0.337267746,-3.254888256,0.00113437,0.019982456,XM_014895497.2
15.7085422,-1.098538369,0.359397461,-3.056611379,0.002238543,0.033014483,XR_002966478.1
2524.388687,-1.100084457,0.311770016,-3.528512686,0.000417902,0.00947938,XM_003573193.4
3491.24161,-1.100264725,0.365729889,-3.008408004,0.002626203,0.03679601,XM_003569057.4
34.50869198,-1.101078116,0.367654534,-2.994871585,0.002745604,0.038110797,XM_024461705.1
226.9602746,-1.103048709,0.278280584,-3.963800465,7.38E-05,0.002479018,XM_003569688.4
391.8151107,-1.107960927,0.331592571,-3.341332179,0.000833774,0.015753334,XM_003578962.4
115.2225309,-1.111101259,0.187774822,-5.917200448,3.27E-09,5.07E-07,XM_010237136.3
320.3060473,-1.111702222,0.222308477,-5.000718982,5.71E-07,4.50E-05,XM_003576049.4
24.08582094,-1.112348763,0.366368402,-3.036148199,0.002396216,0.034532456,XM_014902856.2
63.90976971,-1.114574907,0.195560295,-5.699392656,1.20E-08,1.62E-06,XM_003571539.4
463.8837852,-1.11574538,0.279418516,-3.99309751,6.52E-05,0.002249291,XR_731905.3
28.43055547,-1.11650394,0.353239032,-3.160760387,0.001573579,0.025601879,XM_003576243.4
116.0654339,-1.117488436,0.203283398,-5.497194784,3.86E-08,4.50E-06,XM_003578225.4
63.73483379,-1.11908928,0.348700999,-3.209309078,0.001330544,0.022507394,XM_003572515.4
1183.375837,-1.11976833,0.185880104,-6.024143014,1.70E-09,2.79E-07,XM_003580747.4
892.2927146,-1.119801894,0.284553983,-3.935288071,8.31E-05,0.002722858,XM_014898278.2
74.48606578,-1.122294447,0.32229819,-3.482161803,0.000497383,0.010747144,XM_024455439.1
1319.446191,-1.123424303,0.364092883,-3.085543157,0.002031807,0.030910613,XM_014897005.2
15.11110182,-1.124490096,0.27562558,-4.07977408,4.51E-05,0.001674527,NR_127042.1
46.11251252,-1.126498433,0.243142936,-4.633070788,3.60E-06,0.000204805,XM_003570201.4
47.3233487,-1.128038068,0.25094877,-4.495093034,6.95E-06,0.000353627,XM_003565009.4
41.47648046,-1.128213752,0.383294384,-2.943465383,0.003245601,0.042968714,XM_003566434.4
125.3033239,-1.131051337,0.363083752,-3.115125175,0.001838669,0.028631681,XM_010232917.3
328.4546267,-1.131188905,0.270863725,-4.176228851,2.96E-05,0.001191338,XM_024460927.1
1596.227014,-1.132002949,0.270093851,-4.191146684,2.78E-05,0.001128222,XM_003568422.4
63.62411846,-1.132814616,0.372842122,-3.038322518,0.002378992,0.034374861,XM_010242172.3
954.2619117,-1.133118073,0.161063687,-7.035217512,1.99E-12,6.04E-10,XM_003563055.4
309.8709461,-1.135610651,0.164449119,-6.905544156,5.00E-12,1.41E-09,XM_003566906.4
1965.904372,-1.136088084,0.248656406,-4.568907369,4.90E-06,0.000263191,XM_003562769.4
121.7421632,-1.139261589,0.155165655,-7.342227839,2.10E-13,7.83E-11,XM_010230396.3
205.4686796,-1.139770626,0.374126072,-3.046488094,0.002315316,0.033737175,XM_024462413.1
558.0270371,-1.140578594,0.315156767,-3.619083301,0.000295648,0.007311252,XM_024457441.1
310.9128231,-1.140879999,0.257629134,-4.428381137,9.49E-06,0.000462037,XM_024456521.1
180.3482644,-1.141162031,0.336635685,-3.389902147,0.000699176,0.013907195,XM_024461935.1
955.886377,-1.14168351,0.222173496,-5.138702543,2.77E-07,2.44E-05,XM_003562248.4
107.8043283,-1.142457512,0.326609817,-3.497927657,0.000468888,0.010301096,XM_010242314.3
164.0941292,-1.144619335,0.374256224,-3.058384235,0.00222534,0.032890249,XM_010235561.3
162.3627973,-1.146205418,0.338037793,-3.390761157,0.000696988,0.013880517,XR_002965603.1
77.48000783,-1.152484421,0.305590676,-3.771333727,0.000162377,0.004631284,XM_024463649.1
1674.809975,-1.154054665,0.395276193,-2.919615919,0.00350463,0.045324486,XM_014897971.2
136.3862339,-1.155056367,0.295535905,-3.908345309,9.29E-05,0.002973773,XM_003558682.4
1265.051031,-1.155896546,0.354735082,-3.25847824,0.001120115,0.019803389,XR_001405557.2
234.8880512,-1.159150933,0.387278327,-2.993069462,0.002761869,0.038287953,XM_003571144.4
171.5563688,-1.160415532,0.22560262,-5.143626136,2.69E-07,2.40E-05,XM_003568533.4
29.73749421,-1.163072195,0.314723275,-3.695539183,0.000219421,0.005790022,XM_003578968.4
314.3567274,-1.16748264,0.318675368,-3.663548417,0.000248745,0.006350718,XM_024463671.1
542.1183143,-1.168328634,0.404610959,-2.887535811,0.003882724,0.048738365,XM_003573786.4
360.9578899,-1.168497049,0.326502044,-3.578835327,0.000345129,0.008175389,XM_003579114.4
111.9727901,-1.169094644,0.368593796,-3.171769729,0.001515131,0.024910423,XM_024459293.1
415.8238457,-1.16923994,0.26032658,-4.491435105,7.07E-06,0.000358645,XM_003563224.4
202.263646,-1.170257029,0.35151461,-3.329184607,0.000871007,0.016287921,XM_003575912.4
157.3548544,-1.178102223,0.378702058,-3.110894692,0.001865214,0.028893372,XM_014897978.1
315.9575008,-1.180175058,0.265338293,-4.4478128,8.67E-06,0.00042852,XM_024463456.1
223.5575403,-1.180478424,0.408135155,-2.892371337,0.003823457,0.048123333,XM_003558578.4
782.345255,-1.188751719,0.355085072,-3.347794129,0.000814575,0.015433535,XM_003575498.4
49.82921743,-1.189097608,0.353905909,-3.359925833,0.000779634,0.014902095,XM_003569533.3
171.4157805,-1.189713657,0.407535219,-2.91929041,0.003508292,0.045339631,XM_010236075.3
161.5344584,-1.189818285,0.274312743,-4.337451742,1.44E-05,0.000661249,XM_003562553.4
220.7134511,-1.193837734,0.275084608,-4.33989289,1.43E-05,0.000656701,XM_003571117.4
317.5061263,-1.193894429,0.196781458,-6.067108367,1.30E-09,2.24E-07,XM_003562963.4
179.5012536,-1.194490303,0.173728525,-6.875614144,6.17E-12,1.65E-09,XM_003578030.4
562.6368137,-1.194935842,0.188458003,-6.340594856,2.29E-10,4.61E-08,XR_730992.3
4383.859125,-1.197847194,0.324072001,-3.696237845,0.000218818,0.005778768,XM_003557097.4
938.2272314,-1.199203794,0.321130278,-3.734321785,0.000188222,0.005183604,XM_003558191.3
704.5560498,-1.202649907,0.242166714,-4.966206486,6.83E-07,5.22E-05,XM_014899074.2
2337.150078,-1.204790572,0.227707476,-5.290957467,1.22E-07,1.16E-05,XM_010237586.3
329.1928942,-1.210182955,0.284749094,-4.249997558,2.14E-05,0.000911801,XM_003577700.4
188.6160656,-1.21130365,0.365042438,-3.318254328,0.00090582,0.01675713,XM_003569182.4
335.7886779,-1.211318335,0.326441416,-3.710676021,0.000206707,0.005534672,XM_003569942.4
152.8344538,-1.21452034,0.214435043,-5.663814669,1.48E-08,1.94E-06,XM_003565155.4
488.2379831,-1.214753082,0.380533219,-3.192239257,0.001411743,0.023541019,XM_003560889.3
115.3957808,-1.217374321,0.328337697,-3.707689774,0.000209159,0.005577564,XM_003577953.4
95.82623346,-1.218008225,0.370193032,-3.290197598,0.00100117,0.0182031,XM_003579982.4
23.69244919,-1.218771119,0.360315768,-3.382508419,0.000718271,0.01414685,XM_003566392.4
223.120811,-1.220464432,0.395747258,-3.083949179,0.002042725,0.031033523,XM_014902043.2
98.90921923,-1.221660664,0.245347379,-4.979310033,6.38E-07,4.95E-05,XM_010236494.3
433.2249169,-1.224513338,0.281720595,-4.346552429,1.38E-05,0.00064159,XM_014900314.2
1391.207704,-1.224934994,0.322922577,-3.793277651,0.000148672,0.004330758,XM_003569058.4
55.21867006,-1.224951886,0.418562418,-2.926569216,0.003427232,0.044768308,XM_010239840.3
73.01591209,-1.225448647,0.255282402,-4.800364754,1.58E-06,0.000104312,XM_010229851.3
210.224981,-1.228391926,0.326595529,-3.761202521,0.000169098,0.004773175,XM_024461554.1
34.20665853,-1.228807599,0.381727423,-3.219070797,0.001286067,0.021958879,XM_003558424.4
34.86420464,-1.229193066,0.387254973,-3.174118221,0.001502925,0.024784277,XM_003565761.4
401.6962415,-1.231471777,0.241175726,-5.106118249,3.29E-07,2.83E-05,XM_003576501.4
122.9428464,-1.235247378,0.16880039,-7.317799308,2.52E-13,9.29E-11,XM_024459679.1
319.8618726,-1.235562414,0.390752285,-3.162009441,0.001566845,0.025530308,XM_010240385.3
327.1177834,-1.242074131,0.34557575,-3.594216702,0.000325369,0.00787609,XM_003565675.4
72.83891466,-1.243068828,0.383694987,-3.239731742,0.001196422,0.020818378,XM_010241460.2
1557.039212,-1.246275423,0.379844898,-3.281011353,0.001034356,0.018664897,XM_003574515.4
227.1852864,-1.247753399,0.407364445,-3.062990435,0.002191371,0.03256772,XM_024455972.1
21.91967672,-1.248234009,0.387260652,-3.223239965,0.001267493,0.021743608,XM_010232921.3
147.4227534,-1.249119096,0.375869384,-3.323279707,0.000889657,0.016523633,XM_014899525.2
258.5887364,-1.249699461,0.335294988,-3.727164154,0.000193646,0.005293,XM_003563231.4
62.40597733,-1.250685758,0.335130266,-3.731939143,0.000190011,0.005215376,XM_010237186.3
58.18198045,-1.251112575,0.359850563,-3.476755922,0.00050752,0.010915832,XR_731371.3
202.9238877,-1.251379872,0.289929563,-4.316151345,1.59E-05,0.000718865,XM_010240028.3
125.5263186,-1.252017528,0.235993139,-5.305313247,1.12E-07,1.09E-05,XM_010234454.3
696.144264,-1.252975715,0.417225906,-3.00311102,0.002672349,0.037267456,XM_003563472.4
28.90170423,-1.256550086,0.27203007,-4.619158775,3.85E-06,0.000216772,XR_730150.3
64.13565179,-1.258216542,0.35147119,-3.579856836,0.000343783,0.008159237,XM_003565800.4
408.2552137,-1.260295232,0.245686636,-5.129685726,2.90E-07,2.53E-05,XM_003569670.4
507.1930473,-1.264080872,0.379984396,-3.326665214,0.000878919,0.016379854,XM_003568943.4
1669.723001,-1.265575363,0.266445799,-4.749841686,2.04E-06,0.000127984,XM_003566279.4
42.10617753,-1.265767708,0.326864087,-3.872458792,0.000107743,0.003365683,XM_003564017.4
28.79317946,-1.265881288,0.415483528,-3.046766483,0.002313173,0.033720927,XM_010235565.2
193.9973693,-1.267568364,0.363956703,-3.482744936,0.000496301,0.010730832,XM_010233315.3
506.8428198,-1.269193943,0.261078872,-4.861342989,1.17E-06,8.07E-05,XM_010229740.3
321.3748503,-1.269533229,0.268175719,-4.733960385,2.20E-06,0.000136735,XM_003569566.4
66.04634074,-1.27039668,0.373486607,-3.401451772,0.00067029,0.013488035,XM_024458633.1
23.02586452,-1.270453517,0.401708178,-3.162627962,0.00156352,0.025523398,XM_010232696.3
2163.821851,-1.27155596,0.138998591,-9.14797735,5.80E-20,6.14E-17,XR_001406600.2
261.7191761,-1.271564951,0.370630184,-3.430818656,0.000601763,0.012413722,XM_003578315.4
52.88579896,-1.275702463,0.274672606,-4.644447375,3.41E-06,0.00019519,XM_014901674.2
152.9126983,-1.275831688,0.369493264,-3.452922729,0.000554548,0.011652254,XR_730993.3
273.9212554,-1.279457958,0.350422701,-3.651184565,0.000261034,0.006606405,XM_003578831.4
22.42181797,-1.280840186,0.381792717,-3.354805178,0.000794209,0.015101481,XM_014902117.2
873.0206618,-1.281805051,0.296018527,-4.330151437,1.49E-05,0.000679753,XM_003558065.4
125.3193346,-1.281953463,0.270817607,-4.733641503,2.21E-06,0.000136735,XM_014901920.2
75.28593604,-1.285827283,0.345099111,-3.725965218,0.000194569,0.005309377,XM_003578896.4
57.59908857,-1.285871291,0.366658301,-3.507001715,0.000453186,0.010050377,XM_010236835.3
43.96631532,-1.288799733,0.409137042,-3.150044124,0.001632458,0.026284467,XM_024455801.1
128.3924297,-1.29449491,0.271011082,-4.776538659,1.78E-06,0.000114542,XM_003572598.4
118.4930334,-1.29496316,0.281919868,-4.593373178,4.36E-06,0.000240426,XM_003580098.4
1340.649174,-1.29896368,0.435993336,-2.979320033,0.002888889,0.039448606,XR_002963147.1
90.18734961,-1.301238324,0.369565569,-3.520994466,0.000429932,0.009705269,XM_003570513.3
352.6064377,-1.302403996,0.285951838,-4.554627124,5.25E-06,0.000277629,XM_003569840.3
126.6455875,-1.303937467,0.366293975,-3.559811397,0.000371121,0.008657736,XM_003565582.4
17.49063331,-1.305403889,0.367848807,-3.548751186,0.000387063,0.008940602,XR_001405045.2
2210.616621,-1.306445248,0.282624805,-4.622542773,3.79E-06,0.000213663,XM_003564286.4
89.8456672,-1.307754515,0.382658535,-3.417549583,0.000631876,0.012893764,XM_010241243.3
547.7015749,-1.310841606,0.231163243,-5.670631659,1.42E-08,1.88E-06,XM_003580012.4
3204.916108,-1.313161867,0.262412025,-5.004198522,5.61E-07,4.43E-05,XM_003561375.4
24.46250064,-1.313617509,0.432735089,-3.035615885,0.00240045,0.034563102,XM_003560316.4
991.3771783,-1.314741485,0.260192999,-5.052947194,4.35E-07,3.57E-05,XM_003569266.4
145.9994879,-1.31599697,0.423755242,-3.105559149,0.001899196,0.02924584,XM_010230670.3
169.756331,-1.318693093,0.229266849,-5.751782683,8.83E-09,1.24E-06,XM_003580254.4
867.3675898,-1.322396536,0.349229793,-3.786608594,0.000152717,0.004414449,XM_003579943.4
37.23232236,-1.331271618,0.444667515,-2.993858499,0.002754737,0.038205228,XM_003580090.4
113.3159358,-1.336989569,0.387999321,-3.445855439,0.000569255,0.011885141,XM_014897723.2
11.81176564,-1.337173541,0.239196817,-5.590264786,2.27E-08,2.82E-06,XM_003567546.4
27.77218495,-1.343176787,0.372504147,-3.605803578,0.000311188,0.00761147,XM_003572622.4
2049.794155,-1.343956467,0.085458981,-15.7263338,9.98E-56,8.19E-52,XM_003580124.4
608.5622085,-1.344381014,0.433425704,-3.101756543,0.001923761,0.029540899,XM_003573346.4
273.9861805,-1.346046729,0.35959084,-3.743273129,0.000181639,0.005019163,XM_003567418.4
1058.492427,-1.349253742,0.421480182,-3.201227007,0.001368437,0.022994224,XR_001405108.2
362.0933097,-1.350103831,0.392480937,-3.439922058,0.000581882,0.012056678,XM_003569075.4
48.97324281,-1.354998065,0.367543562,-3.686632567,0.000227241,0.005943786,XM_014897654.2
30.24953213,-1.355440279,0.338572878,-4.00339297,6.24E-05,0.002176458,XM_014902655.2
6.1516277,-1.357154573,0.407051873,-3.334107182,0.000855737,0.016038952,XM_003559820.4
743.5915381,-1.360389742,0.085263947,-15.95504068,2.63E-57,2.87E-53,XM_003570192.4
176.914546,-1.360615665,0.417615112,-3.258061376,0.001121761,0.019813557,XM_003579113.4
451.8411416,-1.361074625,0.43931631,-3.098165475,0.001947227,0.029817477,XM_003571868.4
279.8721893,-1.361275355,0.419223574,-3.247134562,0.001165733,0.020403431,XM_010233526.3
594.931867,-1.366455722,0.244038163,-5.599352601,2.15E-08,2.68E-06,XM_003578837.4
36.87211668,-1.370762656,0.428776285,-3.196918077,0.001389044,0.02326868,XR_002963079.1
110.2785822,-1.373459619,0.291532473,-4.711171983,2.46E-06,0.000149602,XM_003572279.4
60.4036528,-1.373760233,0.287331846,-4.781092844,1.74E-06,0.000112569,XM_014903203.2
119.5112705,-1.376212686,0.25294127,-5.44083883,5.30E-08,5.86E-06,XM_010233032.3
11.17312414,-1.377940109,0.462326584,-2.980447494,0.002878276,0.039369252,XM_024460944.1
761.5265526,-1.378059574,0.367949012,-3.745246026,0.000180217,0.004988287,XM_003569234.4
26.52889118,-1.381443781,0.228545425,-6.044504203,1.50E-09,2.51E-07,XM_010229533.3
7.555390891,-1.383480752,0.432773982,-3.19677432,0.001389736,0.02326868,XM_003572995.4
700.8451547,-1.384662592,0.335237337,-4.130394918,3.62E-05,0.001404044,XM_003573279.4
54.8404712,-1.384719431,0.449510454,-3.080505512,0.002066495,0.031272958,XM_010238363.3
46.47002998,-1.387479693,0.48201926,-2.878473557,0.003996048,0.049739998,XM_010233443.3
22.27812663,-1.387611642,0.330852577,-4.194048156,2.74E-05,0.001117892,XM_014899717.2
21.26897094,-1.390889895,0.37991332,-3.661071678,0.000251162,0.006401033,XR_002961100.1
45.48968819,-1.39267207,0.358163826,-3.888366073,0.000100921,0.003201373,XM_003560031.4
278.785841,-1.395079026,0.090313557,-15.44706099,7.90E-54,4.32E-50,XM_003558133.4
131.8013552,-1.395284394,0.217476873,-6.415782844,1.40E-10,2.87E-08,XM_003561070.4
643.2104571,-1.397155016,0.331829469,-4.210460931,2.55E-05,0.00105544,XM_003569987.4
37.18989682,-1.397545255,0.413813249,-3.377236611,0.00073218,0.014311988,XM_010234256.3
362.5024506,-1.402800246,0.385840184,-3.635702818,0.000277224,0.006941176,XM_003575502.4
134.5825346,-1.403381962,0.371505804,-3.777550571,0.000158378,0.004536952,XM_003580395.3
13.7925786,-1.405039858,0.412768344,-3.403942859,0.000664206,0.013390653,XM_010242223.3
18.97208226,-1.405420478,0.383438831,-3.665305557,0.000247043,0.006327811,XM_003566909.4
237.5246094,-1.406901813,0.261244773,-5.38537785,7.23E-08,7.55E-06,XM_010230189.3
64.54235683,-1.409396096,0.2343323,-6.014519099,1.80E-09,2.94E-07,XM_003575874.4
422.8328696,-1.413382756,0.221440343,-6.382679585,1.74E-10,3.52E-08,XM_010230626.2
161.9990455,-1.413630994,0.419161592,-3.372520334,0.000744836,0.014464801,XM_003575196.4
87.38495696,-1.413678994,0.316188035,-4.471007246,7.79E-06,0.000390451,XM_010242322.3
328.8150678,-1.418160707,0.275770893,-5.142532238,2.71E-07,2.40E-05,XM_003569496.4
357.6912259,-1.418753432,0.318313486,-4.45709495,8.31E-06,0.000413498,XM_003574187.4
200.2837266,-1.419153461,0.456998355,-3.105379802,0.001900348,0.029249849,XM_003572120.4
39.98910986,-1.419874358,0.295724441,-4.801342607,1.58E-06,0.000104013,XM_003578342.4
74.3384353,-1.424935561,0.282611568,-5.042028426,4.61E-07,3.74E-05,XM_003577563.4
93.67611735,-1.425149395,0.380408575,-3.746365061,0.000179415,0.004980256,XM_003579741.4
136.7157656,-1.425983074,0.271983897,-5.242895231,1.58E-07,1.48E-05,XM_014897067.2
18.15509462,-1.42889101,0.455567757,-3.136506019,0.001709739,0.027183446,XM_003561662.4
180.7591252,-1.43024865,0.458878401,-3.116835847,0.001828033,0.028538549,XM_003563209.4
8.825298281,-1.431528168,0.36532683,-3.918486273,8.91E-05,0.002876676,XM_003561897.4
88.35058305,-1.432363292,0.394158501,-3.633977926,0.000279085,0.006971805,XM_010238630.3
15.60836469,-1.437241107,0.4918288,-2.922238604,0.003475252,0.045090152,XM_010236874.3
3585.085351,-1.438329682,0.471434726,-3.050962528,0.00228109,0.033371885,XM_003568858.4
28.20986532,-1.439204765,0.401839841,-3.581538257,0.000341577,0.008133569,XM_003560854.4
101.9647168,-1.440417794,0.438112543,-3.28778031,0.001009806,0.018309364,XM_010242317.3
238.8778025,-1.442866981,0.457479719,-3.153947426,0.001610781,0.026013598,XM_003574392.3
2114.596078,-1.44499274,0.395380729,-3.654686824,0.000257496,0.006531997,XM_003580018.4
34.12871742,-1.447782954,0.399448806,-3.624451827,0.000289575,0.007200955,XM_003567932.4
88.44601384,-1.449706162,0.371909498,-3.898007901,9.70E-05,0.00308553,XM_003566098.4
85.932018,-1.454385725,0.261310231,-5.565743516,2.61E-08,3.20E-06,XR_002966425.1
56.31074953,-1.454544257,0.353575711,-4.113812714,3.89E-05,0.00149124,XM_003576461.4
463.731024,-1.458982381,0.442508572,-3.297071453,0.000976986,0.017892325,XM_010239731.3
325.0338152,-1.459165992,0.41319618,-3.531412102,0.000413347,0.009406434,XM_003566285.4
116.8724063,-1.463868814,0.453291022,-3.2294238,0.001240399,0.021383652,XM_003562699.3
148.433588,-1.46545926,0.424165381,-3.454924248,0.000550447,0.011589397,XM_003565244.4
66.94975112,-1.465677838,0.344754438,-4.251367578,2.12E-05,0.000910041,XM_014902051.2
1078.157731,-1.468118023,0.261140956,-5.621937076,1.89E-08,2.42E-06,XM_003567914.4
548.6541761,-1.468269912,0.370958056,-3.958048323,7.56E-05,0.002521385,XM_003577963.4
113.5004597,-1.469036372,0.351305623,-4.181647766,2.89E-05,0.001171908,XM_014900367.2
27.8965262,-1.469832493,0.423996966,-3.466610872,0.000527064,0.011218501,XM_024461376.1
6428.078052,-1.470751432,0.453052107,-3.246318489,0.00116908,0.0204402,XM_003557909.3
132.0293557,-1.472708239,0.377040481,-3.905968492,9.38E-05,0.002997311,XM_024456346.1
15.01846049,-1.475151711,0.348594265,-4.231715373,2.32E-05,0.000979001,XM_003574130.4
4689.113694,-1.476274698,0.48464961,-3.046066001,0.002318569,0.033769571,XM_003574559.3
370.3627337,-1.477298793,0.15040568,-9.822094462,9.04E-23,1.29E-19,XM_024457262.1
76.76637177,-1.481398884,0.324262503,-4.568517389,4.91E-06,0.00026325,XR_002964009.1
85.55565683,-1.483527148,0.229376677,-6.467646008,9.95E-11,2.13E-08,XM_003560103.4
983.8822733,-1.489676226,0.391293107,-3.807059722,0.000140629,0.004151777,XM_003566979.4
6.598791552,-1.490048636,0.415105427,-3.589566741,0.000331228,0.007982918,XM_010232760.3
110.8265824,-1.491232416,0.26728022,-5.57928461,2.42E-08,2.98E-06,XM_003573219.4
177.7434047,-1.498845711,0.361005682,-4.151861824,3.30E-05,0.001301664,XM_010230192.3
155.4562059,-1.503131172,0.462934211,-3.246964981,0.001166427,0.020404703,XM_003572838.4
166.3206858,-1.503657629,0.373511953,-4.025728266,5.68E-05,0.002003242,XM_024456894.1
519.8624085,-1.503668378,0.503653809,-2.985519717,0.002830969,0.038933241,XM_010230279.2
206.2897869,-1.506490484,0.475827916,-3.166040563,0.001545292,0.025292211,XM_014898350.2
89.30854999,-1.509503612,0.42328842,-3.566134911,0.000362285,0.008493885,XM_003576153.4
103.4837086,-1.510329387,0.445676859,-3.38884408,0.000701879,0.013927286,XM_024459249.1
1452.051526,-1.512655767,0.35086412,-4.311229568,1.62E-05,0.00073247,XM_003573810.4
104.6132567,-1.512828604,0.48062586,-3.147622153,0.001646043,0.026414,XM_003571670.4
30.09532133,-1.514055522,0.333311159,-4.542468745,5.56E-06,0.000291925,XR_002965455.1
55.05237953,-1.514567138,0.442983008,-3.419018588,0.000628474,0.012843588,XM_003577997.4
38.72526313,-1.514747138,0.460843353,-3.28690243,0.001012959,0.018346252,XM_014899001.2
864.8581746,-1.516495614,0.493734006,-3.071483014,0.002129983,0.031901113,XM_003572051.4
49.26004839,-1.518552839,0.326878969,-4.645611928,3.39E-06,0.000194432,XM_003580166.4
447.3193615,-1.521560994,0.310948175,-4.893294492,9.92E-07,7.12E-05,XM_003575359.4
299.6458676,-1.524644584,0.425114241,-3.586434978,0.00033523,0.008049437,XM_003577114.4
61.28155777,-1.525495453,0.312841567,-4.876255627,1.08E-06,7.61E-05,XM_003560951.4
193.6056173,-1.525847094,0.144161592,-10.58428302,3.52E-26,5.78E-23,XR_002965871.1
37.45109091,-1.526608896,0.520698575,-2.931847654,0.00336952,0.044278353,XR_732404.3
81.68196524,-1.52667118,0.469074733,-3.254643816,0.001135347,0.019988926,XM_003579162.3
48.08370724,-1.531240034,0.376065036,-4.071742621,4.67E-05,0.001719705,XM_003575088.4
162.3649312,-1.531984421,0.439798522,-3.483377833,0.000495129,0.010712554,XM_024459240.1
859.3466552,-1.535862632,0.172550084,-8.900967184,5.54E-19,4.91E-16,XM_003574022.4
156.1266235,-1.536073649,0.222921929,-6.890635015,5.55E-12,1.52E-09,XM_003563507.4
1048.527389,-1.538678779,0.449241217,-3.425061461,0.00061466,0.012655907,XM_003578778.4
195.6634682,-1.540292236,0.155356873,-9.914541961,3.60E-23,5.37E-20,XM_003562991.4
1652.730534,-1.547826749,0.491028639,-3.152212774,0.001620382,0.026142899,XM_014895895.2
1367.147162,-1.548763092,0.354001648,-4.375016618,1.21E-05,0.000573873,XM_003564706.4
48.0492401,-1.554288325,0.509169847,-3.05259303,0.002268734,0.033265299,XM_003580355.4
44.67820417,-1.554933848,0.526871663,-2.951257313,0.003164831,0.042169087,XM_003567246.4
1058.587121,-1.557130244,0.307853075,-5.058030502,4.24E-07,3.49E-05,XM_014897909.2
36.16087456,-1.558102876,0.455906822,-3.417590619,0.000631781,0.012893764,XM_003571216.2
281.1827336,-1.558520583,0.29009904,-5.372374152,7.77E-08,7.96E-06,XM_003578531.4
313.158933,-1.562236616,0.30867815,-5.061053447,4.17E-07,3.46E-05,XM_003577730.4
62.21006384,-1.564258296,0.428956928,-3.646655862,0.000265675,0.006698041,XM_003562675.4
43.30268915,-1.565536518,0.526388431,-2.974108904,0.002938408,0.040041451,XM_003573806.4
5998.075999,-1.566500381,0.237473983,-6.59651369,4.21E-11,9.86E-09,XM_010232713.3
195.140433,-1.56828248,0.451375446,-3.474452351,0.000511897,0.010974007,XM_010230946.3
181.9940691,-1.568757054,0.281876042,-5.56541466,2.62E-08,3.20E-06,XM_003573759.4
233.863122,-1.570885749,0.398645945,-3.940553691,8.13E-05,0.002679834,XM_003560235.4
283.918021,-1.576919606,0.211961195,-7.439661802,1.01E-13,4.14E-11,XM_003560555.4
31.86001277,-1.577258615,0.329308452,-4.789608661,1.67E-06,0.000109243,XM_003569445.4
38.07911381,-1.578452964,0.335518478,-4.704518734,2.54E-06,0.000153428,XM_010233765.3
173.1011665,-1.579841833,0.396525418,-3.984213271,6.77E-05,0.002315634,XM_014900124.2
281.6397711,-1.585266897,0.507963933,-3.120825701,0.001803447,0.028337937,XM_010238958.3
374.7747463,-1.589842951,0.547741717,-2.902541292,0.003701484,0.047049364,XM_003567408.4
400.3150834,-1.591401178,0.418203616,-3.805326199,0.000141617,0.004172224,XM_003574582.4
164.4907008,-1.597623179,0.414839621,-3.851182715,0.000117549,0.003610112,XM_003567883.4
151.1214319,-1.599917347,0.434845971,-3.679273701,0.000233899,0.00604086,XM_014897066.1
243.3322832,-1.600391459,0.438037039,-3.653552822,0.000258637,0.006555857,XM_003570615.4
298.7301611,-1.604285154,0.308015773,-5.208451306,1.90E-07,1.75E-05,XM_003569077.4
734.2202383,-1.608488799,0.31514811,-5.10391383,3.33E-07,2.84E-05,XM_003558233.4
75.13450485,-1.608909733,0.474779294,-3.388752946,0.000702112,0.013927286,XM_010230885.3
70.2622819,-1.610785847,0.407963793,-3.948354911,7.87E-05,0.002609742,XM_010241894.3
54.17547552,-1.61326884,0.281057382,-5.739998101,9.47E-09,1.31E-06,XM_003578378.4
717.2382141,-1.619697349,0.500018895,-3.239272286,0.001198351,0.020840889,XM_010232128.3
350.6515755,-1.619914456,0.107707108,-15.0399959,4.02E-51,1.65E-47,XM_003562287.4
102.235894,-1.620097052,0.436139889,-3.714627101,0.000203504,0.005474776,XM_024460366.1
92.83878296,-1.621106877,0.353549243,-4.585236449,4.53E-06,0.000246665,XM_014900058.2
151.3660382,-1.621777931,0.466888753,-3.473585347,0.000513554,0.010995151,XM_014899748.2
44.87158878,-1.62484688,0.310698091,-5.229664825,1.70E-07,1.58E-05,XM_003580017.4
473.5659939,-1.627715859,0.160494289,-10.14189269,3.60E-24,5.62E-21,XM_003558058.4
20.36880087,-1.632006909,0.555407983,-2.938392962,0.003299186,0.043546595,XM_010232240.3
144.5584281,-1.639389192,0.29011912,-5.650745091,1.60E-08,2.08E-06,XM_003576175.4
19.06986307,-1.641426781,0.322313164,-5.092645797,3.53E-07,2.98E-05,XM_003566879.4
54.39152516,-1.646640395,0.521873447,-3.155248469,0.001603615,0.025923392,XM_010240529.3
122.0122605,-1.648918262,0.49188501,-3.352243366,0.000801595,0.015215465,XM_003577086.4
2967.209635,-1.650927892,0.367238032,-4.495525378,6.94E-06,0.000353458,XM_003558967.4
680.1079885,-1.651904113,0.155702739,-10.60934527,2.70E-26,4.65E-23,XM_003562879.4
19.8634034,-1.653098789,0.331845881,-4.98152572,6.31E-07,4.91E-05,XM_003563501.4
8.927468939,-1.654116063,0.514431876,-3.215422958,0.001302525,0.02217063,XM_014902434.2
66.12295829,-1.654415703,0.237886834,-6.954633331,3.53E-12,1.03E-09,XM_003580436.4
11.40940096,-1.655688265,0.559229101,-2.960661851,0.003069788,0.041282919,XM_024456362.1
566.9391927,-1.6561814,0.444213717,-3.728343673,0.000192742,0.005272687,XM_003570610.3
625.4935777,-1.662414266,0.436907773,-3.804954656,0.00014183,0.004172224,XM_003574086.4
500.203096,-1.663992714,0.458226063,-3.631379464,0.00028191,0.007015674,XM_003574583.4
9.190798897,-1.665390309,0.569516666,-2.924216985,0.003453239,0.044911281,XR_002962797.1
7.181550779,-1.668743587,0.54726138,-3.04926247,0.00229404,0.033501558,XR_730810.3
54.02021818,-1.684844454,0.568094994,-2.965779443,0.003019169,0.040853445,XM_003559553.3
11.40043451,-1.688980138,0.550754949,-3.066663568,0.002164623,0.032280121,XM_003578485.4
66.23464845,-1.691622308,0.206029178,-8.210595821,2.20E-16,1.50E-13,XM_010239264.3
24.72085815,-1.692910436,0.565446393,-2.993936218,0.002754035,0.038205228,XM_003572564.4
63.44217477,-1.695921612,0.584301909,-2.902474879,0.003702269,0.047049364,XM_014896379.2
142.5815505,-1.698629684,0.40351454,-4.209587298,2.56E-05,0.001057323,XM_003573349.4
95.66046549,-1.699001455,0.555293287,-3.059647027,0.00221598,0.032868317,XM_010229276.3
6.469449932,-1.70239595,0.341554987,-4.984251475,6.22E-07,4.86E-05,XM_010236320.2
538.4539032,-1.705551199,0.505631888,-3.373108462,0.000743247,0.014464801,XM_010235659.3
99.44188525,-1.707533154,0.34548791,-4.94238178,7.72E-07,5.82E-05,XM_010235379.3
988.3225443,-1.712799612,0.199786341,-8.573156729,1.01E-17,7.86E-15,XM_003569842.4
11.34419277,-1.713485416,0.573343619,-2.988583737,0.002802737,0.03866052,XM_003578165.4
23.48364238,-1.718437653,0.533460362,-3.221303351,0.00127609,0.021838956,XM_010229300.3
760.3047326,-1.72065144,0.376690099,-4.56781701,4.93E-06,0.0002637,XM_003576828.4
534.2748197,-1.724849664,0.182970879,-9.426908114,4.22E-21,4.78E-18,NM_001317883.1
44.97453096,-1.726192707,0.58262574,-2.962781403,0.00304873,0.041119881,XM_014900317.2
16.34067046,-1.727556823,0.565753062,-3.053552761,0.00226149,0.033197672,XM_024455555.1
150.7513888,-1.72762742,0.289461243,-5.968423966,2.40E-09,3.80E-07,XM_003564219.4
237.0652015,-1.73594815,0.458837847,-3.783358676,0.000154726,0.00445568,XM_003580119.4
378.2881584,-1.737274317,0.370261948,-4.692014193,2.71E-06,0.000161333,XM_003573347.3
427.7941662,-1.755890853,0.120113477,-14.61859986,2.14E-48,7.79E-45,XM_003573522.4
28.7714702,-1.757456319,0.472668865,-3.718155456,0.000200683,0.005435503,XM_003578457.4
96.35845848,-1.759614026,0.433838744,-4.055917207,4.99E-05,0.001813914,XR_002965604.1
9548.812004,-1.770884039,0.419506914,-4.221346492,2.43E-05,0.001021204,XM_010242253.3
86.29408181,-1.775766928,0.492044787,-3.608953846,0.000307434,0.007553442,XM_003579309.4
167.2888802,-1.776579896,0.318270958,-5.581973001,2.38E-08,2.94E-06,XM_003578040.4
26.80808169,-1.77734394,0.453203277,-3.921736738,8.79E-05,0.002846542,XM_010238617.2
34.17374751,-1.779896616,0.430718043,-4.132393909,3.59E-05,0.001396838,XM_003580278.4
42.36936588,-1.781190556,0.523273949,-3.403935091,0.000664225,0.013390653,XM_003577943.4
87.99951686,-1.781260644,0.606967688,-2.934687758,0.003338835,0.043999109,XM_014898879.2
123.775169,-1.787971259,0.591799832,-3.021243268,0.00251739,0.035760242,XM_024457724.1
45.49999312,-1.791740785,0.583682097,-3.069720307,0.002142593,0.032060701,XM_010230412.3
55.68186595,-1.79342058,0.590435545,-3.037453614,0.002385861,0.034443771,XM_003569655.4
41.87616775,-1.79415111,0.455761627,-3.936599758,8.26E-05,0.002715272,XM_024455278.1
1090.226208,-1.800815201,0.527171666,-3.415993908,0.000635497,0.012930702,XM_003580322.4
536.8568232,-1.800874487,0.502017777,-3.587272342,0.000334155,0.008035405,XM_003572502.3
65.56556232,-1.804124475,0.549604116,-3.282589092,0.001028585,0.018597341,XM_003571178.4
290.5844779,-1.807111587,0.279153671,-6.473536895,9.57E-11,2.07E-08,XM_003557616.4
242.6235792,-1.809518386,0.260167807,-6.955197128,3.52E-12,1.03E-09,XM_024456984.1
1281.021296,-1.810540583,0.612472577,-2.956116976,0.003115389,0.041725097,XM_003578077.4
345.3389618,-1.812536871,0.349352044,-5.188281858,2.12E-07,1.92E-05,XM_003570187.4
103.5875616,-1.814729866,0.519994548,-3.48990172,0.000483198,0.010523839,XM_024463288.1
21.59189065,-1.817497446,0.630491433,-2.882667948,0.003943229,0.049234069,XM_003577059.4
70.42186516,-1.818750171,0.364172048,-4.994205847,5.91E-07,4.65E-05,XM_003579930.4
927.4778141,-1.820342184,0.309503289,-5.881495444,4.07E-09,6.15E-07,XM_003558153.4
219.3163247,-1.822092677,0.360213923,-5.058362712,4.23E-07,3.49E-05,XM_003569906.4
2981.601601,-1.825344673,0.630088356,-2.896966207,0.003767903,0.047661871,XM_003573320.4
112.7735043,-1.826427911,0.580179664,-3.148038488,0.0016437,0.026400268,XM_003568683.4
390.4602648,-1.833830002,0.474715396,-3.863009324,0.000111999,0.003475457,XM_024460419.1
2356.705828,-1.83610857,0.197568118,-9.293546901,1.49E-20,1.63E-17,XM_003565130.4
150.1807251,-1.837845406,0.462816806,-3.970999719,7.16E-05,0.002417663,XM_010237877.3
172.2791785,-1.838704844,0.427775181,-4.298297154,1.72E-05,0.000771227,XM_024462242.1
202.5024294,-1.839460335,0.359694424,-5.113952878,3.15E-07,2.73E-05,XM_003569703.4
368.7283414,-1.850537152,0.344134903,-5.377359677,7.56E-08,7.85E-06,XM_003569624.4
52.48581884,-1.852918732,0.412870671,-4.487891396,7.19E-06,0.00036242,XM_014903342.2
450.386707,-1.856272458,0.157244394,-11.80501515,3.68E-32,8.62E-29,NM_001279929.1
182.5551215,-1.866282013,0.580025975,-3.217583508,0.001292754,0.022038632,XM_003560661.4
594.128631,-1.866709643,0.464464957,-4.019053782,5.84E-05,0.002049209,XM_010237093.3
9.937692288,-1.86713857,0.467369938,-3.994990732,6.47E-05,0.002236095,XM_010234246.3
3506.766208,-1.875006333,0.194700078,-9.630228978,5.96E-22,8.14E-19,XM_003562953.4
26.67993942,-1.875718753,0.631725731,-2.969197961,0.002985782,0.040518677,XM_003557920.4
129.4611128,-1.879785631,0.463368449,-4.056783831,4.98E-05,0.001812607,XM_003570487.4
55.94778931,-1.887321391,0.385138849,-4.900366178,9.57E-07,6.88E-05,XM_003570023.4
257.9641958,-1.896148793,0.433974901,-4.369259121,1.25E-05,0.000587519,XM_003566087.4
545.0372104,-1.896734939,0.5428011,-3.494346156,0.000475224,0.010405448,XM_003567589.4
604.5357167,-1.896978804,0.532478431,-3.562545813,0.000367276,0.008586348,XM_003567588.4
9.356216716,-1.904310353,0.614644767,-3.098229181,0.001946808,0.029817477,XR_002964569.1
41.74444608,-1.909970937,0.321763196,-5.935952153,2.92E-09,4.56E-07,XM_010230966.3
135.9866931,-1.910234261,0.546101859,-3.49794499,0.000468858,0.010301096,XM_003581516.4
326.2736063,-1.913135601,0.285942653,-6.690626893,2.22E-11,5.44E-09,XM_003578943.4
130.8947082,-1.916884307,0.253033836,-7.575604649,3.57E-14,1.61E-11,XM_003576773.4
76.92705655,-1.922271968,0.621317254,-3.093865421,0.001975671,0.030186866,XR_002964077.1
314.6673297,-1.927205755,0.666223494,-2.892731602,0.003819075,0.048105092,XM_003577357.3
96.49680291,-1.928691013,0.392340887,-4.915855258,8.84E-07,6.47E-05,XM_003580656.4
24.88919649,-1.929677818,0.669358482,-2.882876471,0.003940619,0.049220227,XM_003565804.4
24.3234543,-1.932203391,0.494153648,-3.910126738,9.22E-05,0.002954809,XM_003569686.4
16.43669215,-1.932266723,0.552641985,-3.496416805,0.000471552,0.01035267,XM_003579299.4
160.0321863,-1.934259567,0.318881743,-6.065758265,1.31E-09,2.24E-07,XM_010232319.3
71.05474613,-1.934999991,0.615816472,-3.142169915,0.001677007,0.026819027,XM_003557591.4
49.70459127,-1.950163484,0.368003467,-5.299307364,1.16E-07,1.12E-05,XM_003580524.4
364.967218,-1.951155669,0.629364218,-3.100201147,0.001933893,0.029682582,XM_003566756.4
325.3871926,-1.951410114,0.362965389,-5.376298057,7.60E-08,7.87E-06,XM_003558604.4
119.6309373,-1.957082584,0.5313598,-3.683158912,0.000230361,0.005991955,XM_024463417.1
57.28813313,-1.958884257,0.348934908,-5.613895929,1.98E-08,2.51E-06,XM_010235437.3
423.1472331,-1.958992596,0.383826307,-5.103851821,3.33E-07,2.84E-05,XM_003560755.3
28.86217618,-1.9615503,0.64271669,-3.051967265,0.002273469,0.033304949,XM_010231449.3
104.9875787,-1.967370644,0.402104852,-4.892680691,9.95E-07,7.12E-05,XM_010229405.3
459.171484,-1.976650027,0.145922541,-13.54588551,8.38E-42,2.29E-38,XM_003575321.4
108.5982509,-1.98823511,0.677548423,-2.934454635,0.003341344,0.044009017,XM_024463635.1
181.2843765,-1.988289818,0.455226167,-4.367696683,1.26E-05,0.000590041,XM_010233189.3
2461.292555,-1.992360834,0.368878948,-5.401123711,6.62E-08,6.98E-06,XM_003558894.4
38.75395512,-1.998479524,0.555086474,-3.600303047,0.000317847,0.007716777,XM_024456836.1
267.8834101,-2.000374472,0.642107996,-3.115324032,0.001837429,0.028631681,XM_003573345.4
237.122736,-2.006210925,0.309330896,-6.485646763,8.84E-11,1.94E-08,XM_010231790.3
9.27772868,-2.007533549,0.296203746,-6.777542746,1.22E-11,3.08E-09,XM_003579179.3
5.749937096,-2.015806558,0.482545367,-4.177444645,2.95E-05,0.001186444,XM_003561025.4
36.61076363,-2.020092435,0.354867189,-5.692530892,1.25E-08,1.68E-06,XM_003564398.4
11.46128692,-2.020255521,0.604967005,-3.339447448,0.000839452,0.015824159,XM_003557090.4
33.00882656,-2.02904683,0.542192244,-3.742301467,0.000182343,0.00503014,XM_024454780.1
29.31379693,-2.02926802,0.667963376,-3.037992938,0.002381595,0.034397326,XM_024454444.1
22.61452868,-2.046878837,0.477564331,-4.286079806,1.82E-05,0.000808239,XM_003561693.3
28.85746699,-2.058372978,0.641755135,-3.207411779,0.001339351,0.022621382,XM_014898373.2
36.83855971,-2.066724634,0.586245208,-3.525358681,0.00042291,0.009575402,XM_003572692.4
97.38683839,-2.075166039,0.553612775,-3.748407067,0.000177961,0.004959328,XM_003573820.4
6.947643795,-2.078753192,0.683851716,-3.039771843,0.002367574,0.034315704,XM_003576559.3
113.5270676,-2.080714706,0.587977252,-3.538767356,0.000402,0.009233613,XM_003563335.4
5.434633076,-2.097295989,0.603575493,-3.474786522,0.00051126,0.010970875,XM_003566445.4
265.59262,-2.097612932,0.465670104,-4.504504184,6.65E-06,0.000340956,XM_010241420.3
952.0253036,-2.108355451,0.572833833,-3.680570751,0.000232712,0.006029202,XM_003568886.4
9.187291955,-2.111863916,0.600439132,-3.517199002,0.000436127,0.009771144,XM_003581362.4
1728.23982,-2.114952583,0.544652528,-3.883122679,0.000103124,0.003246114,XM_014895896.2
12.61489036,-2.120351891,0.724935217,-2.924884653,0.003445839,0.044878935,XM_003561818.4
24.70147874,-2.125583508,0.665997407,-3.191579258,0.001414973,0.023570904,XM_014901862.2
134.4558725,-2.130640806,0.450727029,-4.727120117,2.28E-06,0.000140403,XM_010232127.3
8.561421992,-2.13588213,0.641748861,-3.328221148,0.000874025,0.016325743,XM_010237011.3
210.3530471,-2.149109749,0.459392923,-4.678151626,2.89E-06,0.000171694,XM_024459691.1
71.7087003,-2.157271925,0.517124139,-4.171671295,3.02E-05,0.001210827,XM_003572597.4
16.12310725,-2.162306505,0.4404622,-4.909176098,9.15E-07,6.64E-05,XM_003581298.4
43.74184561,-2.172774349,0.50979805,-4.262029538,2.03E-05,0.000876594,XM_014899641.2
223.8974462,-2.176285734,0.561255792,-3.877529217,0.000105523,0.003312099,XM_003571859.4
26.22092868,-2.17990166,0.579110269,-3.76422553,0.000167066,0.004740392,XM_010234134.3
387.1945832,-2.182039015,0.140626605,-15.51654482,2.68E-54,1.76E-50,XM_003580745.4
507.5212441,-2.199297179,0.519506668,-4.233433973,2.30E-05,0.000974053,XM_003569587.4
59.45842133,-2.2151711,0.626283345,-3.537011029,0.000404683,0.009275748,XM_014898305.2
88.21059839,-2.21728564,0.442973309,-5.005461042,5.57E-07,4.42E-05,XM_003564452.4
36.27819534,-2.222092949,0.737885231,-3.011434375,0.002600166,0.036672742,XM_010242024.3
15.44410444,-2.223605296,0.529752177,-4.197444377,2.70E-05,0.001105866,XM_014898846.2
56.78610217,-2.227557058,0.331059617,-6.728567733,1.71E-11,4.26E-09,XM_003578310.4
39.49048213,-2.23771242,0.365153028,-6.128149707,8.89E-10,1.57E-07,XM_010235729.3
82.36662412,-2.241578146,0.709813244,-3.157982983,0.001588648,0.025770358,XM_024458044.1
33.59117927,-2.249547934,0.565748385,-3.976233946,7.00E-05,0.002374871,XM_014896390.2
1086.997372,-2.249680726,0.106269437,-21.16959303,1.82E-99,5.97E-95,XM_003577749.4
507.6808468,-2.250056024,0.491609036,-4.576921617,4.72E-06,0.000256246,XM_010241175.3
1685.167379,-2.254771156,0.262181318,-8.600045097,7.97E-18,6.37E-15,XM_003580746.4
459.3328283,-2.261349239,0.207857299,-10.87933522,1.45E-27,2.64E-24,NM_001317865.1
20.49084438,-2.264267116,0.59625877,-3.797457124,0.000146188,0.004277402,XM_024460560.1
54.27239432,-2.27118597,0.538105604,-4.220706776,2.44E-05,0.001022795,XM_024456985.1
82.31808522,-2.27393111,0.405976341,-5.601141945,2.13E-08,2.67E-06,XM_003571743.4
5.503371737,-2.274277669,0.747320151,-3.043244138,0.002340424,0.034012361,XM_003567376.4
51.74820422,-2.308490431,0.647957834,-3.562717062,0.000367036,0.008586348,XM_003570049.4
7.064642111,-2.30966969,0.37042451,-6.235196722,4.51E-10,8.46E-08,XM_010238039.3
10.32921606,-2.316570177,0.722522153,-3.206227194,0.001344878,0.02269135,XM_024455098.1
11.81173013,-2.32990897,0.481229855,-4.841571957,1.29E-06,8.73E-05,XR_730811.3
123.1601511,-2.336933188,0.543200328,-4.302157171,1.69E-05,0.000759986,XM_024462716.1
188.7639527,-2.346144089,0.53973212,-4.346867647,1.38E-05,0.000641577,XM_024458440.1
77.20911831,-2.368216794,0.55017704,-4.30446315,1.67E-05,0.000753145,XM_003578264.3
45.90526128,-2.378856724,0.438348086,-5.426866913,5.74E-08,6.22E-06,XM_003565436.4
132.560042,-2.444371355,0.368816444,-6.627609465,3.41E-11,8.05E-09,XM_010238547.3
37.61552469,-2.445862435,0.692666183,-3.531083941,0.00041386,0.009407222,XM_024455911.1
587.8113182,-2.46213027,0.834276484,-2.951216194,0.003165253,0.042169087,XM_003561387.4
729.2710579,-2.462187824,0.561486278,-4.385125552,1.16E-05,0.000551035,XM_003578103.4
33.83731928,-2.470499262,0.683490502,-3.61453342,0.000300889,0.007414845,XM_003568308.4
13.45545812,-2.473690226,0.634593513,-3.898070461,9.70E-05,0.00308553,XM_003571999.3
44.19962141,-2.484604362,0.462993575,-5.366390583,8.03E-08,8.16E-06,XM_003571832.4
67.63663141,-2.486090781,0.535891646,-4.639166887,3.50E-06,0.000199547,XM_010240431.3
252.0380037,-2.487816931,0.3026372,-8.22045978,2.03E-16,1.41E-13,XM_003568293.3
29.94821275,-2.507571124,0.801303637,-3.12936446,0.001751849,0.02771859,XM_024459655.1
384.4740782,-2.508061091,0.522034046,-4.804401384,1.55E-06,0.000102642,XM_010234627.3
679.0035576,-2.515027238,0.625420537,-4.021337786,5.79E-05,0.002032215,XM_003578257.4
7.692876651,-2.522650434,0.837360117,-3.012623102,0.002590004,0.036585754,XM_010236380.3
9.668714325,-2.531465282,0.831208203,-3.045524902,0.002322745,0.03381538,XM_014895948.2
20.97371762,-2.544312885,0.739137554,-3.442272514,0.000576849,0.012005483,XM_024462349.1
63.43940245,-2.557190564,0.812809928,-3.146111378,0.00165457,0.026524873,XM_003559564.4
61.06244015,-2.56316281,0.370257328,-6.922652483,4.43E-12,1.26E-09,XM_003580849.4
722.1014113,-2.563579094,0.856714667,-2.992337112,0.002768504,0.038347517,XM_024461332.1
45.68581095,-2.572822004,0.513973786,-5.005745569,5.56E-07,4.42E-05,XM_024460322.1
8.204136056,-2.574842117,0.774316581,-3.325309286,0.000883205,0.016450383,XM_003557577.4
17.81499987,-2.598424874,0.681036632,-3.815396636,0.000135964,0.004050528,XM_010233108.3
21.75001273,-2.601097717,0.447344969,-5.814523242,6.08E-09,8.90E-07,XM_003574577.4
12.28951376,-2.608739052,0.891171797,-2.927313298,0.003419043,0.044721351,XM_014900289.2
32.99289762,-2.612304977,0.862360097,-3.029250756,0.002451611,0.035038275,XM_003565614.3
19.10486721,-2.636643036,0.732282043,-3.60058404,0.000317503,0.007716777,XM_024458852.1
39.89296242,-2.638095499,0.820841012,-3.213893384,0.001309483,0.022245128,XM_014902586.2
1214.283835,-2.639646701,0.50168547,-5.261557013,1.43E-07,1.35E-05,XM_003574255.4
95.99995729,-2.65553039,0.370359512,-7.170142258,7.49E-13,2.46E-10,XM_003560574.4
10.88006031,-2.656622203,0.741649143,-3.582047157,0.000340912,0.008132306,XR_002960849.1
96.01557264,-2.65678932,0.673385222,-3.945422666,7.97E-05,0.002639219,XM_024460559.1
15.44005475,-2.700274705,0.643426699,-4.196709137,2.71E-05,0.001107599,XM_010242023.3
311.7453802,-2.715425402,0.318957561,-8.513437931,1.69E-17,1.29E-14,XM_003561226.4
56.64394768,-2.731487941,0.799523091,-3.416396563,0.000634558,0.012923256,XM_010234687.3
9.016769821,-2.738083413,0.827404816,-3.309242778,0.000935487,0.017228505,XM_024460594.1
11.0987739,-2.749497596,0.841762954,-3.266356145,0.001089411,0.019380105,XM_003569589.4
116.87779,-2.760441038,0.80591569,-3.4252231,0.000614295,0.012655907,XM_024456611.1
10.02297304,-2.763402721,0.770906531,-3.584614491,0.000337576,0.008070341,XM_010235246.3
164.751745,-2.765596926,0.238761498,-11.58309419,5.02E-31,1.03E-27,XM_003557478.4
141.4974397,-2.77338673,0.404067786,-6.863667011,6.71E-12,1.78E-09,XM_010233829.3
5.430395105,-2.819140303,0.884097514,-3.188720994,0.001429037,0.023744896,XM_003580964.4
9.791698381,-2.839853393,0.80433826,-3.530670535,0.000414508,0.009415411,XM_003576590.4
310.3460294,-2.851124443,0.946876194,-3.011084723,0.002603162,0.036672742,XM_010242189.3
300.3417703,-2.875815797,0.564497795,-5.094467727,3.50E-07,2.96E-05,XM_003561262.4
402.5548522,-2.887386817,0.806757454,-3.579002341,0.000344908,0.008175389,XM_003560491.4
9.253648319,-2.930254263,0.866757268,-3.380709191,0.00072299,0.014214506,XM_014900029.2
824.7919636,-2.939186431,0.583376461,-5.038232818,4.70E-07,3.81E-05,XM_003572406.3
65.23125919,-2.946372064,0.467275074,-6.305433835,2.87E-10,5.58E-08,XM_003569275.4
33.87352255,-2.953562547,0.967280015,-3.053472109,0.002262097,0.033197672,XM_003580644.4
711.0216253,-2.958825334,0.904973839,-3.269514772,0.001077321,0.01924626,XM_003575438.4
22.88326776,-2.98023473,0.5529358,-5.389838617,7.05E-08,7.39E-06,XM_003566917.4
6.199778054,-3.016080748,1.009997983,-2.986224525,0.002824452,0.038859908,XM_003566959.3
169.4489752,-3.032524792,0.761874389,-3.980347466,6.88E-05,0.002346278,XR_732329.3
24.96927784,-3.049207171,0.784597199,-3.886334511,0.000101769,0.003218931,XM_010236590.3
5.685112966,-3.056925295,0.978280879,-3.124793053,0.001779302,0.028058222,XR_732951.3
170.2585879,-3.116194545,0.50837161,-6.129757215,8.80E-10,1.56E-07,XM_024460865.1
5.422246806,-3.121359902,0.616568968,-5.06246675,4.14E-07,3.45E-05,XM_014896565.2
19.86346941,-3.133421181,0.748831612,-4.184413598,2.86E-05,0.001160597,XM_024458483.1
818.0482578,-3.187801605,0.183968514,-17.32797391,2.89E-67,4.75E-63,XM_003562283.4
28.26589026,-3.213508097,0.694634209,-4.626187502,3.72E-06,0.000210631,XM_010231442.3
735.8400729,-3.213586927,0.952804382,-3.372766737,0.00074417,0.014464801,XM_003571392.4
41.13130791,-3.216409875,0.792195875,-4.060119445,4.90E-05,0.001791494,XM_024462859.1
93.63008243,-3.218343335,0.556608581,-5.782058429,7.38E-09,1.05E-06,XM_003557238.4
58.7027461,-3.219724962,0.922184747,-3.491409906,0.000480478,0.010497133,XM_024460321.1
30.58663629,-3.225663167,1.111163945,-2.902958813,0.003696552,0.047013153,XM_003566618.4
257.3264928,-3.245058067,0.998063699,-3.251353665,0.001148569,0.02016759,XM_024458665.1
7.56105795,-3.252354308,1.057086652,-3.076714953,0.002092953,0.031519225,XM_003581225.3
213.9568215,-3.275271621,0.877335057,-3.733205,0.000189059,0.005193569,XM_003560332.4
21.45073909,-3.289078784,1.00748351,-3.264647759,0.001096003,0.019463396,XM_014897014.2
11.23077895,-3.292314703,0.92523012,-3.558373892,0.000373158,0.008686713,XM_014899123.2
6.063883041,-3.292419651,0.871197514,-3.77918853,0.00015734,0.004518486,XR_002959849.1
75.64414961,-3.29662858,0.649184466,-5.078107614,3.81E-07,3.20E-05,XM_010233740.3
9.609706629,-3.302341898,0.752878838,-4.386285985,1.15E-05,0.0005489,XR_001405972.2
10.15715544,-3.31776952,0.713201267,-4.651940023,3.29E-06,0.000190557,XR_002964158.1
21.38225314,-3.341128459,1.069818714,-3.123079094,0.001789696,0.02818149,XM_003560944.3
16.50165734,-3.382259767,1.120633268,-3.018168266,0.002543077,0.036047066,XM_003559937.4
360.2869113,-3.422796766,0.546321672,-6.265167465,3.72E-10,7.14E-08,XM_003577431.4
196.2446516,-3.433781447,0.822922747,-4.17266561,3.01E-05,0.001207171,XM_003570522.4
1154.629793,-3.445648316,0.556171612,-6.195296996,5.82E-10,1.06E-07,XM_003580383.4
28.10089086,-3.480474123,0.744392985,-4.675586947,2.93E-06,0.00017354,XM_003564593.4
16.74680164,-3.495261004,1.136281038,-3.076053272,0.002097604,0.031546051,XM_014900872.2
20.4818271,-3.537812729,0.750339864,-4.714947053,2.42E-06,0.000147401,XM_003560703.4
27.53168294,-3.547637299,1.167552248,-3.038525518,0.00237739,0.034374861,XM_014896524.2
148.9482153,-3.560961601,0.940552158,-3.786033098,0.000153071,0.004419664,XM_003580984.3
56.26247247,-3.571926949,0.950690503,-3.757192206,0.000171831,0.004829512,XM_003557395.4
45.68421606,-3.572746873,1.101777209,-3.24271263,0.001183976,0.020645615,XM_014902603.2
8.136244919,-3.5940906,0.864652222,-4.156689254,3.23E-05,0.001280639,XM_003578695.4
34.84325939,-3.62309226,1.180442945,-3.069265037,0.002145861,0.032080333,XM_003568833.4
150.3225123,-3.659852419,1.122565533,-3.260257252,0.001113112,0.019713863,XM_003560987.4
26.97338685,-3.683831983,1.119226815,-3.291407904,0.000996873,0.018145071,XM_010230644.3
8.71336443,-3.711386477,0.937008903,-3.960887101,7.47E-05,0.002501773,XM_003568682.4
10.32535003,-3.743260747,1.191622768,-3.141313548,0.001681919,0.026854971,XM_003572235.4
5.403938881,-3.766530834,1.035186465,-3.638504714,0.000274226,0.006871352,XM_003562902.4
199.416935,-3.775335323,0.27683658,-13.637415,2.40E-42,7.15E-39,XM_003562717.4
54.94357933,-3.839271953,1.170795127,-3.279200488,0.001041016,0.018740582,XM_003564522.4
26.73413094,-3.884882631,1.014829565,-3.828113375,0.000129129,0.003896449,XM_003570968.4
16.49534562,-3.92722223,0.682204834,-5.756661393,8.58E-09,1.21E-06,XR_001407614.2
7.939905164,-3.965224931,1.366974192,-2.900731378,0.003722929,0.047202189,XM_003573315.4
60.80618809,-3.981924473,0.677224851,-5.879767207,4.11E-09,6.18E-07,XM_010239207.3
23.8239957,-3.992405665,1.211926884,-3.294262811,0.000986802,0.018028866,XR_001404960.2
291.3461828,-4.009029282,0.988021176,-4.057634977,4.96E-05,0.00180864,XM_003560982.4
140.8245247,-4.077045419,0.90584611,-4.500814624,6.77E-06,0.000346388,XM_003576671.4
10.97389173,-4.12212797,0.926126691,-4.45093313,8.55E-06,0.000423615,XM_003570186.3
10.2404362,-4.45748895,1.055025851,-4.225004483,2.39E-05,0.001006046,XM_024457909.1
98.54272862,-4.521812244,0.918569104,-4.922669642,8.54E-07,6.29E-05,XM_010234080.3
9.15827105,-4.774817071,0.825208057,-5.786197836,7.20E-09,1.03E-06,XM_003559863.3
11.24168898,-4.799840884,1.263042094,-3.80022242,0.000144566,0.004233727,XM_003560452.4
20.83753698,-4.832989593,1.215111436,-3.977404418,6.97E-05,0.002368113,XM_024462285.1
5.690050269,-5.148273165,1.183019814,-4.351806371,1.35E-05,0.000629968,XM_003565743.4
10.40776064,-5.182195361,1.437916092,-3.603962283,0.000313403,0.00765421,XR_732230.3
14.13217132,-5.208434598,1.602768766,-3.249648177,0.001155479,0.020245566,XM_003560846.4
8.612926123,-5.248703268,1.712197247,-3.065478161,0.002173222,0.032364197,XM_014896538.2
305.0352996,-5.363678421,0.951783977,-5.635394742,1.75E-08,2.26E-06,XM_010239364.3
26.50735732,-5.448184512,1.195362668,-4.557766993,5.17E-06,0.000274397,XM_010239412.3
8.90456122,-5.627342336,1.459419983,-3.855875897,0.000115316,0.003554854,XM_003578091.4
10.96052535,-5.766721932,1.408783045,-4.093406682,4.25E-05,0.001602605,XR_002961983.1
27.6668877,-6.000828297,1.744670912,-3.43951874,0.000582749,0.012067034,XM_010236148.3
25.90696733,-6.040462705,1.220808007,-4.947921926,7.50E-07,5.67E-05,XM_024462379.1
11.49912059,-6.119316339,1.533149301,-3.991337526,6.57E-05,0.002261296,XM_024459155.1
17.82846655,-6.140104064,1.68962897,-3.633995494,0.000279066,0.006971805,XR_002961099.1
9.150594866,-6.196183562,1.634682351,-3.790451129,0.000150374,0.004368702,XR_733044.3
10.42942538,-6.201789324,1.683213392,-3.68449381,0.000229158,0.005972611,XM_024460825.1
5.945639727,-6.249658854,2.053598315,-3.043272294,0.002340205,0.034012361,XM_014898824.1
6.395381644,-6.424741619,2.228352596,-2.883179991,0.003936824,0.049195911,XM_024461679.1
46.03961725,-6.433286672,1.588406791,-4.050150571,5.12E-05,0.001848962,XM_024462539.1
10.14330684,-6.44586639,1.911478095,-3.372189516,0.000745731,0.014464803,XR_002964498.1
6.687234792,-6.625675232,1.526540238,-4.340321379,1.42E-05,0.000656344,XR_001405726.2
22.00630925,-6.666033208,2.202739146,-3.026247216,0.002476098,0.035326665,XM_024456322.1
6.862260479,-6.680938311,1.907699693,-3.502091202,0.000461622,0.010182394,XR_002965445.1
21.48425245,-6.701089047,1.752252257,-3.824271887,0.000131159,0.003945964,XM_003574112.4
12.69452973,-6.776294523,1.662412913,-4.076180154,4.58E-05,0.00169103,XR_002961090.1
10.72801063,-6.871985408,2.281548374,-3.011983215,0.002595469,0.03664718,XM_014899838.2
5.768303489,-6.896188656,1.035822793,-6.657691553,2.78E-11,6.71E-09,XM_024460922.1
20.33249523,-7.022174278,1.758907366,-3.992350258,6.54E-05,0.002254023,XM_010241404.3
28.37187909,-7.172552435,1.163719563,-6.163471563,7.12E-10,1.28E-07,XM_014897134.2
12.32927507,-7.185890299,2.235702057,-3.214153816,0.001308296,0.022245128,XR_002960846.1
18.00256386,-7.334188139,2.492885828,-2.942047349,0.003260501,0.043122751,XM_010232271.3
17.7799564,-7.377291475,2.400842394,-3.072792905,0.002120656,0.031804992,XM_024455833.1
26.15013299,-7.531749818,2.549452506,-2.95426167,0.003134181,0.041908336,XM_014898631.2
39.13970721,-7.603760268,2.120786872,-3.585348612,0.000336628,0.008061227,XM_024462521.1
35.19565651,-7.71775631,2.142973391,-3.601424237,0.000316479,0.007700668,XR_001406396.1
29.96157799,-7.75809482,2.558397474,-3.032404034,0.002426142,0.034749985,XM_014901274.2
42.97605399,-7.817311051,1.91191324,-4.088737339,4.34E-05,0.001623136,XM_024454449.1
40.0719589,-7.828316146,2.634565546,-2.971387885,0.002964571,0.040297525,XM_024462780.1
31.51341509,-7.928149806,2.65774814,-2.983032774,0.002854074,0.039152504,XM_003571278.2
26.9958986,-7.974637757,2.54119086,-3.138149866,0.001700179,0.027049218,XR_001407879.2
43.89403219,-8.343523048,2.165743119,-3.852498929,0.000116918,0.00360087,XR_002962933.1
39.6941814,-8.777215932,2.579654368,-3.402477496,0.000667779,0.013445756,XM_024458555.1
70.78145709,-8.983028992,2.315886856,-3.878872134,0.000104942,0.003297025,XM_024462298.1
33.35563013,-9.340150889,3.219356622,-2.901247667,0.0037168,0.047189032,XM_024458912.1
13.21977727,-18.06692536,4.231332335,-4.269795877,1.96E-05,0.000854512,XR_001405932.2
11.6206039,-19.60849103,4.215632498,-4.651375811,3.30E-06,0.000190723,XM_024463297.1
7.340774823,-19.77595836,4.21459822,-4.692252342,2.70E-06,0.000161333,XM_024463260.1
8.979695031,-19.90748526,4.21384725,-4.724301589,2.31E-06,0.000142084,XR_731758.3
13.91903653,-20.52131118,4.211125612,-4.8731178,1.10E-06,7.70E-05,XM_014898698.2
17.65567408,-20.52350183,4.21116736,-4.87358969,1.10E-06,7.70E-05,XM_024460623.1
12.44481328,-20.71427227,4.210354759,-4.919840121,8.66E-07,6.37E-05,XR_002960890.1
20.66613017,-20.74563035,4.210188247,-4.927482842,8.33E-07,6.20E-05,XR_001406380.2
9.298392194,-20.94085404,4.209786678,-4.974326645,6.55E-07,5.07E-05,XR_001404668.2
26.05316351,-21.20278961,4.208960048,-5.037536438,4.72E-07,3.81E-05,XR_002961797.1
28.42738263,-21.23287089,3.710158157,-5.722901826,1.05E-08,1.44E-06,XR_002960998.1
15.28622847,-21.44276834,3.595052752,-5.964521197,2.45E-09,3.87E-07,XR_002961097.1
20.39088434,-21.46117037,3.030925434,-7.080731889,1.43E-12,4.44E-10,XR_002966015.1
79.01255793,-21.51637665,2.262080385,-9.51176483,1.87E-21,2.46E-18,XM_024454445.1
16.07295254,-21.59331896,3.607046357,-5.986426795,2.15E-09,3.43E-07,XM_024460320.1
25.34611321,-21.73669637,3.638084761,-5.974763591,2.30E-09,3.67E-07,XM_014897945.2
8.938354101,-21.80903103,4.208342058,-5.182333263,2.19E-07,1.97E-05,XM_024462957.1
25.29798199,-21.84855994,3.694183769,-5.914313231,3.33E-09,5.11E-07,XM_010240577.3
26.92260361,-21.89343523,4.207969804,-5.20284989,1.96E-07,1.79E-05,XR_002960895.1
17.70677203,-21.94869053,4.207925965,-5.216035338,1.83E-07,1.68E-05,XM_024458894.1
45.89596925,-22.37180938,4.207361605,-5.317301312,1.05E-07,1.03E-05,XM_024456941.1
30.19605338,-22.47075088,2.041375498,-11.0076519,3.51E-28,6.77E-25,XR_002963866.1
128.2902334,-22.48450385,4.207232569,-5.344250284,9.08E-08,9.08E-06,XM_010232701.3
23.15605079,-22.60388466,4.207242753,-5.372612417,7.76E-08,7.96E-06,XM_014903039.2
26.88572512,-22.61369132,3.715528908,-6.086264399,1.16E-09,2.01E-07,XR_001406245.2
23.80188405,-22.73146518,4.207150678,-5.403054686,6.55E-08,6.93E-06,XR_001406987.2
58.13400843,-22.78426546,4.207106148,-5.415662135,6.11E-08,6.55E-06,XM_014896846.2
31.10066756,-23.09377014,4.206914901,-5.489478794,4.03E-08,4.69E-06,XM_024459943.1
37.58360736,-23.32387129,3.776729239,-6.175680018,6.59E-10,1.19E-07,XM_014900921.2
44.78672539,-23.76452306,3.754176706,-6.330155697,2.45E-10,4.90E-08,XM_024461745.1
5.686198207,-28.8715431,4.215060867,-6.849614753,7.40E-12,1.94E-09,XM_024459587.1
8.140956668,-30.33130763,4.209895419,-7.20476511,5.81E-13,1.97E-10,XM_010230859.3
11.03544559,-31.76987077,4.207902752,-7.550048716,4.35E-14,1.90E-11,XM_024463663.1
19.18464924,-32.35901861,4.207530469,-7.690738987,1.46E-14,7.16E-12,XM_014903096.2
17.96415535,-32.84586164,4.208403651,-7.804826809,5.96E-15,3.09E-12,XM_024461772.1
16.27518718,-33.02663244,4.207370763,-7.849708119,4.17E-15,2.24E-12,XM_024462199.1
10.30103299,-33.17754086,4.208466415,-7.883522782,3.18E-15,1.80E-12,XM_014901589.2
9.850725694,-33.26398783,4.209332885,-7.902436974,2.74E-15,1.57E-12,XM_024458616.1
20.78975901,-34.60208435,4.208527689,-8.221897753,2.00E-16,1.41E-13,XR_002962473.1
